﻿stim_image_loc,corr_resp,congruency,practice_trials.thisRepN,practice_trials.thisTrialN,practice_trials.thisN,practice_trials.thisIndex,intro_image.started,intro_key_resp.started,intro_key_resp.keys,intro_key_resp.rt,fixation_image.started,stim_image.started,stim_resp.started,stim_image.stopped,errorsset,totalaccuracy,stim_resp.keys,stim_resp.corr,ITI_text.started,ITI_text.stopped,jitter_practice_text.started,jitter_practice_text.stopped,fixation_image.stopped,stim_resp.rt,name,sub_num,group,date,expName,psychopyVersion,frameRate,
,,,,,,,10.637814124999977,10.637814124999977,space,1.6931638330000283,,,,,,,,,,,,,,,Xia Xiaokai,01,A,2023-01-07_15h15.13.753,PC_spatial_stroop,2022.2.3,None,
material/top-shang.png,1,con,0,0,0,0,,,,,12.474823791999995,12.803987084000028,12.803987084000028,13.196391709000011,1,0,None,0,13.984146709000015,14.371214458999987,14.371214458999987,16.359952416999988,,,Xia Xiaokai,01,A,2023-01-07_15h15.13.753,PC_spatial_stroop,2022.2.3,None,
material/bottom-xia.png,4,con,0,1,1,1,,,,,16.359952416999988,16.767852416999972,16.767852416999972,17.157955042000026,1,1,4,1,17.18233916700001,18.340859292000005,18.340859292000005,20.334995542,16.767852416999972,0.4036578330000111,Xia Xiaokai,01,A,2023-01-07_15h15.13.753,PC_spatial_stroop,2022.2.3,None,
material/top-xia.png,4,inc,0,2,2,3,,,,,20.334995542,20.749625666999975,20.749625666999975,21.146154249999995,1,2,4,1,21.236086709000006,22.337857833999976,22.337857833999976,24.334164084000008,20.749625666999975,0.4585009159999913,Xia Xiaokai,01,A,2023-01-07_15h15.13.753,PC_spatial_stroop,2022.2.3,None,
,,,,,,,,,,,24.334164084000008,24.741686249999987,24.741686249999987,25.132176209000022,,,,,,,,,24.741686249999987,,,,,,,,,
