﻿stim_image_loc,corr_resp,congruency,practice_trials.thisRepN,practice_trials.thisTrialN,practice_trials.thisN,practice_trials.thisIndex,runs.thisRepN,runs.thisTrialN,runs.thisN,runs.thisIndex,block_seq,long_rest_duration,stop_long_rest_duration,run,volatile,blocks.thisRepN,blocks.thisTrialN,blocks.thisN,blocks.thisIndex,seqfile,short_rest_duration,stop_rest_duration,block,prop,trials.thisRepN,trials.thisTrialN,trials.thisN,trials.thisIndex,intro_image.started,intro_key_resp.started,intro_key_resp.keys,intro_key_resp.rt,fixation_image.started,stim_image.started,stim_resp.started,stim_image.stopped,errorsset,totalaccuracy,stim_resp.keys,stim_resp.corr,stim_resp.rt,black_text.started,black_text.stopped,jitter_practice_text.started,jitter_practice_text.stopped,fixation_image.stopped,judge_message.started,judge_resp.started,judge_resp.keys,judge_resp.rt,wait_fmri_text.started,wait_fmri_key_resp.started,wait_fmri_key_resp.keys,wait_fmri_key_resp.rt,three_text.started,three_key_resp.started,three_key_resp.keys,three_key_resp.rt,two_text.started,two_key_resp.started,two_key_resp.keys,two_key_resp.rt,one_text.started,one_key_resp.started,one_key_resp.keys,one_key_resp.rt,name,sub_num,group,date,expName,psychopyVersion,frameRate,
,,,,,,,,,,,,,,,,,,,,,,,,,,,,,11.027733791008359,11.027733791008359,space,6.74811304101604,,,,,,,,,,,,,,,,,,,,,,,,,,,,,,,,,,,Xia Xiaokai,01,C,2022-12-18_19h44.58.157,PC_spatial_stroop,2022.2.3,None,
material/top-shang.png,p,con,0,0,0,0,,,,,,,,,,,,,,,,,,,,,,,,,,,17.839044750027824,18.232372208003653,18.232372208003653,18.62130983301904,0,1,p,1,0.3996131250169128,18.64576312500867,19.825760875013657,19.825760875013657,,,,,,,,,,,,,,,,,,,,,,,Xia Xiaokai,01,C,2022-12-18_19h44.58.157,PC_spatial_stroop,2022.2.3,None,
material/top-shang.png,p,con,0,1,1,0,,,,,,,,,,,,,,,,,,,,,,,,,,,21.828119833022356,22.239888208016055,22.239888208016055,22.638520750013413,0,2,p,1,0.5409614160016645,22.786385791026987,23.816560166014824,23.816560166014824,25.81986879100441,,,,,,,,,,,,,,,,,,,,,,Xia Xiaokai,01,C,2022-12-18_19h44.58.157,PC_spatial_stroop,2022.2.3,None,
material/bottom-shang.png,p,inc,0,2,2,2,,,,,,,,,,,,,,,,,,,,,,,,,,,25.81986879100441,26.217690583027434,26.217690583027434,26.61672729102429,0,3,p,1,0.6001825830026064,26.835487625008682,27.807144791004248,27.807144791004248,29.797580750018824,26.217690583027434,,,,,,,,,,,,,,,,,,,,,Xia Xiaokai,01,C,2022-12-18_19h44.58.157,PC_spatial_stroop,2022.2.3,None,
material/bottom-xia.png,q,con,0,3,3,1,,,,,,,,,,,,,,,,,,,,,,,,,,,29.797580750018824,30.204892875015503,30.204892875015503,30.60856954101473,1,3,p,0,0.3800634999934118,30.60856954101473,31.781399125000462,31.781399125000462,33.78136550000636,30.204892875015503,,,,,,,,,,,,,,,,,,,,,Xia Xiaokai,01,C,2022-12-18_19h44.58.157,PC_spatial_stroop,2022.2.3,None,
material/top-xia.png,q,inc,1,0,4,3,,,,,,,,,,,,,,,,,,,,,,,,,,,33.78136550000636,34.19778183300514,34.19778183300514,34.583940250013256,2,3,p,0,0.5453874579980038,34.7523180830176,35.78137095802231,35.78137095802231,37.77472229101113,34.19778183300514,,,,,,,,,,,,,,,,,,,,,Xia Xiaokai,01,C,2022-12-18_19h44.58.157,PC_spatial_stroop,2022.2.3,None,
material/bottom-xia.png,q,con,1,1,5,1,,,,,,,,,,,,,,,,,,,,,,,,,,,37.77472229101113,38.19341800000984,38.19341800000984,38.579801125015365,3,3,p,0,0.4005047079990618,38.620047375006834,39.798323750001146,39.798323750001146,41.79801050000242,38.19341800000984,,,,,,,,,,,,,,,,,,,,,Xia Xiaokai,01,C,2022-12-18_19h44.58.157,PC_spatial_stroop,2022.2.3,None,
material/bottom-shang.png,p,inc,1,2,6,2,,,,,,,,,,,,,,,,,,,,,,,,,,,41.79801050000242,42.20379012500052,42.20379012500052,42.60704783300753,4,3,q,0,0.4227435420034453,42.63576745800674,43.79540408300818,43.79540408300818,45.786610750015825,42.20379012500052,,,,,,,,,,,,,,,,,,,,,Xia Xiaokai,01,C,2022-12-18_19h44.58.157,PC_spatial_stroop,2022.2.3,None,
material/top-shang.png,p,con,1,3,7,0,,,,,,,,,,,,,,,,,,,,,,,,,,,45.786610750015825,46.201458208000986,46.201458208000986,46.60283666601754,5,3,q,0,0.40281283398508094,46.61512412500451,47.77886816600221,47.77886816600221,49.768911708000815,46.201458208000986,,,,,,,,,,,,,,,,,,,,,Xia Xiaokai,01,C,2022-12-18_19h44.58.157,PC_spatial_stroop,2022.2.3,None,
material/bottom-shang.png,p,inc,2,0,8,2,,,,,,,,,,,,,,,,,,,,,,,,,,,49.768911708000815,50.18507008301094,50.18507008301094,50.580292625003494,6,3,q,0,0.3800608339952305,50.580292625003494,51.77401970801293,51.77401970801293,,50.18507008301094,,,,,,,,,,,,,,,,,,,,,Xia Xiaokai,01,C,2022-12-18_19h44.58.157,PC_spatial_stroop,2022.2.3,None,
material/bottom-xia.png,q,con,2,1,9,1,,,,,,,,,,,,,,,,,,,,,,,,,,,53.77293954099878,54.17910666600801,54.17910666600801,54.57295987501857,7,3,p,0,0.4101697919832077,54.60215033302666,55.76136770800804,55.76136770800804,,54.17910666600801,,,,,,,,,,,,,,,,,,,,,Xia Xiaokai,01,C,2022-12-18_19h44.58.157,PC_spatial_stroop,2022.2.3,None,
material/bottom-shang.png,p,inc,2,2,10,2,,,,,,,,,,,,,,,,,,,,,,,,,,,57.756381833023624,58.171603208000306,58.171603208000306,58.58019425001112,8,3,q,0,0.45378416700987145,58.63916445799987,59.76344100001734,59.76344100001734,,,,,,,,,,,,,,,,,,,,,,,Xia Xiaokai,01,C,2022-12-18_19h44.58.157,PC_spatial_stroop,2022.2.3,None,
material/top-xia.png,q,inc,2,3,11,3,,,,,,,,,,,,,,,,,,,,,,,,,,,61.76478712502285,62.1699569580087,62.1699569580087,,9,3,p,0,0.3587096669944003,62.55193691601744,63.75671420802246,63.75671420802246,,,,,,,,,,,,,,,,,,,,,,,Xia Xiaokai,01,C,2022-12-18_19h44.58.157,PC_spatial_stroop,2022.2.3,None,
material/top-xia.png,q,inc,3,0,12,3,,,,,,,,,,,,,,,,,,,,,,,,,,,65.76043479100917,66.1783789160254,66.1783789160254,66.56627383301384,10,3,p,0,0.4042825840006117,66.59439033301896,67.75317266600905,67.75317266600905,69.7464297080005,,,,,,,,,,,,,,,,,,,,,,Xia Xiaokai,01,C,2022-12-18_19h44.58.157,PC_spatial_stroop,2022.2.3,None,
material/bottom-xia.png,q,con,3,1,13,1,,,,,,,,,,,,,,,,,,,,,,,,,,,69.7464297080005,70.164455791004,70.164455791004,,11,3,p,0,0.3757664169825148,70.55196512502152,71.7489182910067,71.7489182910067,73.7396305000002,70.164455791004,,,,,,,,,,,,,,,,,,,,,Xia Xiaokai,01,C,2022-12-18_19h44.58.157,PC_spatial_stroop,2022.2.3,None,
material/top-shang.png,p,con,3,2,14,0,,,,,,,,,,,,,,,,,,,,,,,,,,,73.7396305000002,74.14831687501282,74.14831687501282,,12,3,q,0,0.35598270798800513,74.52635912501137,75.73985700000776,75.73985700000776,77.73640158300987,74.14831687501282,,,,,,,,,,,,,,,,,,,,,Xia Xiaokai,01,C,2022-12-18_19h44.58.157,PC_spatial_stroop,2022.2.3,None,
material/top-xia.png,q,inc,3,3,15,3,,,,,,,,,,,,,,,,,,,,,,,,,,,77.73640158300987,78.14960354100913,78.14960354100913,78.54789312501089,13,3,p,0,0.44325879198731855,78.60737216600683,79.73445345801883,79.73445345801883,81.75530212500598,78.14960354100913,,,,,,,,,,,,,,,,,,,,,Xia Xiaokai,01,C,2022-12-18_19h44.58.157,PC_spatial_stroop,2022.2.3,None,
,,,,,,,,,,,,,,,,,,,,,,,,,,,,,,,,,,,,,,,,,,,,,,,81.75530212500598,81.75530212500598,space,6.503772374999244,,,,,,,,,,,,,,,,,Xia Xiaokai,01,C,2022-12-18_19h44.58.157,PC_spatial_stroop,2022.2.3,None,
,,,,,,,,,,,,,,,,,,,,,,,,,,,,,,,,,95.4766012080072,95.87569800001802,95.87569800001802,96.26386004101369,1,0,None,0,,97.07942662501591,,,,,,,,,88.27962549999938,88.27962549999938,s,2.1291591659828555,90.42154883302283,90.42154883302283,s,1.6602270420116838,92.09575937502086,92.09575937502086,s,1.7509001669823192,93.86531341602677,93.86531341602677,s,1.584777917014435,,,,,,,,
