﻿stim_image_loc,corr_resp,congruency,block_seq,long_rest_duration,stop_long_rest_duration,run,volatile,seqfile,short_rest_duration,stop_rest_duration,block,prop,practice_trials.thisRepN,practice_trials.thisTrialN,practice_trials.thisN,practice_trials.thisIndex,runs.thisRepN,runs.thisTrialN,runs.thisN,runs.thisIndex,blocks.thisRepN,blocks.thisTrialN,blocks.thisN,blocks.thisIndex,trials.thisRepN,trials.thisTrialN,trials.thisN,trials.thisIndex,intro_image.started,intro_key_resp.started,intro_key_resp.keys,intro_key_resp.rt,fixation_image.started,stim_image.started,stim_resp.started,stim_image.stopped,errorsset,totalaccuracy,stim_resp.keys,stim_resp.corr,stim_resp.rt,black_text.started,black_text.stopped,jitter_practice_text.started,jitter_practice_text.stopped,fixation_image.stopped,judge_message.started,judge_resp.started,judge_resp.keys,judge_resp.rt,wait_fmri_text.started,wait_fmri_key_resp.started,wait_fmri_key_resp.keys,wait_fmri_key_resp.rt,three_text.started,three_key_resp.started,three_key_resp.keys,three_key_resp.rt,two_text.started,two_key_resp.started,two_key_resp.keys,two_key_resp.rt,one_text.started,one_key_resp.started,one_key_resp.keys,one_key_resp.rt,jitter,jitter_text.started,jitter_text.stopped,stim_resp.stopped,name,sub_num,group,date,expName,psychopyVersion,frameRate,
,,,,,,,,,,,,,,,,,,,,,,,,,,,,,52.503286708990345,52.503286708990345,space,5.655271374009317,,,,,,,,,,,,,,,,,,,,,,,,,,,,,,,,,,,,,,,Xia Xiaokai,01,C,2022-12-18_21h14.15.613,PC_spatial_stroop,2022.2.3,None,
material/bottom-xia.png,q,con,,,,,,,,,,,0,0,0,1,,,,,,,,,,,,,,,,,58.2314803749905,58.626970916986465,58.626970916986465,59.019311667012516,1,0,p,0,0.5600920830038376,59.20257204200607,60.21302870899672,60.21302870899672,62.2117677500064,,,,,,,,,,,,,,,,,,,,,,,,,,Xia Xiaokai,01,C,2022-12-18_21h14.15.613,PC_spatial_stroop,2022.2.3,None,
material/top-shang.png,p,con,,,,,,,,,,,0,1,1,0,,,,,,,,,,,,,,,,,62.2117677500064,62.61996191699291,62.61996191699291,,1,1,p,1,0.3735823319875635,63.01427129199146,64.21393825000268,64.21393825000268,,62.61996191699291,,,,,,,,,,,,,,,,,,,,,,,,,Xia Xiaokai,01,C,2022-12-18_21h14.15.613,PC_spatial_stroop,2022.2.3,None,
material/bottom-shang.png,p,inc,,,,,,,,,,,0,2,2,2,,,,,,,,,,,,,,,,,66.21555633400567,66.63161904198932,66.63161904198932,67.02460191698628,1,2,p,1,0.4593448750092648,67.10207595900283,68.22655829199357,68.22655829199357,,,,,,,,,,,,,,,,,,,,,,,,,,,Xia Xiaokai,01,C,2022-12-18_21h14.15.613,PC_spatial_stroop,2022.2.3,None,
material/top-xia.png,q,inc,,,,,,,,,,,0,3,3,3,,,,,,,,,,,,,,,,,70.23449262499344,70.64319174998673,70.64319174998673,71.04117258399492,2,2,p,0,0.4611060000024736,71.14169625000795,72.24536341699422,72.24536341699422,,,,,,,,,,,,,,,,,,,,,,,,,,,Xia Xiaokai,01,C,2022-12-18_21h14.15.613,PC_spatial_stroop,2022.2.3,None,
material/top-shang.png,p,con,,,,,,,,,,,1,0,4,0,,,,,,,,,,,,,,,,,74.24472449999303,74.65008587500779,74.65008587500779,75.0473951669992,2,3,p,1,0.5656033740087878,75.23133129198686,76.23004970900365,76.23004970900365,78.22831216698978,74.65008587500779,,,,,,,,,,,,,,,,,,,,,,,,,Xia Xiaokai,01,C,2022-12-18_21h14.15.613,PC_spatial_stroop,2022.2.3,None,
material/bottom-shang.png,p,inc,,,,,,,,,,,1,1,5,2,,,,,,,,,,,,,,,,,78.22831216698978,78.64831558399601,78.64831558399601,79.0455187500047,2,4,p,1,0.5194265829923097,79.18165474999114,80.24309395899763,80.24309395899763,,,,,,,,,,,,,,,,,,,,,,,,,,,Xia Xiaokai,01,C,2022-12-18_21h14.15.613,PC_spatial_stroop,2022.2.3,None,
material/top-shang.png,p,con,,,,,,,,,,,1,2,6,0,,,,,,,,,,,,,,,,,82.24496049998561,82.65252904201043,82.65252904201043,83.03930008399766,2,5,p,1,0.45028908201493323,83.11492691698368,84.24056583398487,84.24056583398487,86.23211524999351,,,,,,,,,,,,,,,,,,,,,,,,,,Xia Xiaokai,01,C,2022-12-18_21h14.15.613,PC_spatial_stroop,2022.2.3,None,
material/bottom-xia.png,q,con,,,,,,,,,,,1,3,7,1,,,,,,,,,,,,,,,,,86.23211524999351,86.64192479199846,86.64192479199846,87.03296304200194,2,6,q,1,0.4676857080194168,87.11910887499107,88.22638970898697,88.22638970898697,,86.64192479199846,,,,,,,,,,,,,,,,,,,,,,,,,Xia Xiaokai,01,C,2022-12-18_21h14.15.613,PC_spatial_stroop,2022.2.3,None,
material/top-xia.png,q,inc,,,,,,,,,,,2,0,8,3,,,,,,,,,,,,,,,,,90.22022991700214,90.64257291698596,90.64257291698596,,3,6,p,0,0.28053674902184866,90.94007824998698,92.22614287500619,92.22614287500619,,,,,,,,,,,,,,,,,,,,,,,,,,,Xia Xiaokai,01,C,2022-12-18_21h14.15.613,PC_spatial_stroop,2022.2.3,None,
material/bottom-xia.png,q,con,,,,,,,,,,,2,1,9,1,,,,,,,,,,,,,,,,,94.22837137500755,94.64411116699921,94.64411116699921,,4,6,p,0,0.3020206240180414,94.95658004199504,96.22880416701082,96.22880416701082,98.22361733400612,,,,,,,,,,,,,,,,,,,,,,,,,,Xia Xiaokai,01,C,2022-12-18_21h14.15.613,PC_spatial_stroop,2022.2.3,None,
material/bottom-xia.png,q,con,,,,,,,,,,,2,2,10,1,,,,,,,,,,,,,,,,,98.22361733400612,98.63978841700009,98.63978841700009,99.03708583398839,4,7,q,1,0.41481187401222996,99.06546658399748,100.22886462500901,100.22886462500901,102.22472362499684,98.63978841700009,,,,,,,,,,,,,,,,,,,,,,,,,Xia Xiaokai,01,C,2022-12-18_21h14.15.613,PC_spatial_stroop,2022.2.3,None,
material/bottom-shang.png,p,inc,,,,,,,,,,,2,3,11,2,,,,,,,,,,,,,,,,,102.22472362499684,102.63907433400163,102.63907433400163,103.03211145900423,4,8,p,1,0.4485584580106661,103.09960758400848,104.21712037498946,104.21712037498946,,,,,,,,,,,,,,,,,,,,,,,,,,,Xia Xiaokai,01,C,2022-12-18_21h14.15.613,PC_spatial_stroop,2022.2.3,None,
material/bottom-shang.png,p,inc,,,,,,,,,,,3,0,12,2,,,,,,,,,,,,,,,,,106.21969191700919,106.63210804198752,106.63210804198752,107.03590245899977,5,8,q,0,0.4451605830108747,107.08627779199742,108.21845166699495,108.21845166699495,110.20759249999537,106.63210804198752,,,,,,,,,,,,,,,,,,,,,,,,,Xia Xiaokai,01,C,2022-12-18_21h14.15.613,PC_spatial_stroop,2022.2.3,None,
material/top-xia.png,q,inc,,,,,,,,,,,3,1,13,3,,,,,,,,,,,,,,,,,110.20759249999537,110.61260904200026,110.61260904200026,,6,8,p,0,0.35112574900267646,110.98178262499277,112.19547012500698,112.19547012500698,114.18643016699934,110.61260904200026,,,,,,,,,,,,,,,,,,,,,,,,,Xia Xiaokai,01,C,2022-12-18_21h14.15.613,PC_spatial_stroop,2022.2.3,None,
material/top-shang.png,p,con,,,,,,,,,,,3,2,14,0,,,,,,,,,,,,,,,,,114.18643016699934,114.6017786670127,114.6017786670127,115.00649283398525,6,9,p,1,0.5093314159894362,115.14087304199347,116.18630220901105,116.18630220901105,118.18626737498562,114.6017786670127,,,,,,,,,,,,,,,,,,,,,,,,,Xia Xiaokai,01,C,2022-12-18_21h14.15.613,PC_spatial_stroop,2022.2.3,None,
material/top-xia.png,q,inc,,,,,,,,,,,3,3,15,3,,,,,,,,,,,,,,,,,118.18626737498562,118.59845770898391,118.59845770898391,118.98974129199632,7,9,p,0,0.6019172910018824,119.21123583399458,120.18380224998691,120.18380224998691,,118.59845770898391,,,,,,,,,,,,,,,,,,,,,,,,,Xia Xiaokai,01,C,2022-12-18_21h14.15.613,PC_spatial_stroop,2022.2.3,None,
,,,,,,,,,,,,,,,,,,,,,,,,,,,,,,,,,,,,,,,,,,,,,,,122.21859208398382,122.21859208398382,space,2.538328958005877,,,,,,,,,,,,,,,,,,,,,Xia Xiaokai,01,C,2022-12-18_21h14.15.613,PC_spatial_stroop,2022.2.3,None,
material/bottom-shang.png,p,inc,seq/block/v20_block.csv,60,30,1,v,seq/trial/pc_20.csv,20,30,1,MI,,,,,0,0,0,0,0,0,0,0,0,0,0,0,,,,,131.23002695900504,131.6305592090066,131.6305592090066,132.01916274998803,1,0,None,0,,132.81213733399636,133.2028700420051,,,,,,,,124.78397675001179,124.78397675001179,s,3.0171102909953333,127.81229737499962,127.81229737499962,s,1.099766791012371,128.9279335839965,128.9279335839965,s,1.1155487910145894,130.0596755000006,130.0596755000006,s,1.1405986660101917,2.8,133.2028700420051,135.99189308399218,,Xia Xiaokai,01,C,2022-12-18_21h14.15.613,PC_spatial_stroop,2022.2.3,None,
material/top-xia.png,q,inc,seq/block/v20_block.csv,60,30,1,v,seq/trial/pc_20.csv,20,30,1,MI,,,,,0,0,0,0,0,0,0,0,0,1,1,1,,,,,135.99189308399218,136.40102675001253,136.40102675001253,136.79537883400917,2,0,None,0,,137.59081433399115,137.9742538749997,,,136.40102675001253,,,,,,,,,,,,,,,,,,,,,3.05,137.9742538749997,141.01843883399852,137.59081433399115,Xia Xiaokai,01,C,2022-12-18_21h14.15.613,PC_spatial_stroop,2022.2.3,None,
material/top-xia.png,q,inc,seq/block/v20_block.csv,60,30,1,v,seq/trial/pc_20.csv,20,30,1,MI,,,,,0,0,0,0,0,0,0,0,0,2,2,1,,,,,141.01843883399852,141.42341991700232,141.42341991700232,141.82453066698508,3,0,None,0,,142.61555524999858,142.99413687500055,,,141.42341991700232,,,,,,,,,,,,,,,,,,,,,2.55,142.99413687500055,145.5486348749837,142.61555524999858,Xia Xiaokai,01,C,2022-12-18_21h14.15.613,PC_spatial_stroop,2022.2.3,None,
material/bottom-shang.png,p,inc,seq/block/v20_block.csv,60,30,1,v,seq/trial/pc_20.csv,20,30,1,MI,,,,,0,0,0,0,0,0,0,0,0,3,3,2,,,,,145.5486348749837,145.9634657090064,145.9634657090064,146.3672551669879,4,0,None,0,,147.15106908400776,147.54055141701247,,,145.9634657090064,,,,,,,,,,,,,,,,,,,,,2.3,147.54055141701247,149.83203125,,Xia Xiaokai,01,C,2022-12-18_21h14.15.613,PC_spatial_stroop,2022.2.3,None,
material/top-shang.png,p,con,seq/block/v20_block.csv,60,30,1,v,seq/trial/pc_20.csv,20,30,1,MI,,,,,0,0,0,0,0,0,0,0,0,4,4,8,,,,,149.83203125,150.23935566699947,150.23935566699947,150.64233083400177,5,0,None,0,,151.44119424998644,151.83240545899025,,,150.23935566699947,,,,,,,,,,,,,,,,,,,,,2.55,151.83240545899025,154.37784483400173,151.44119424998644,Xia Xiaokai,01,C,2022-12-18_21h14.15.613,PC_spatial_stroop,2022.2.3,None,
material/bottom-shang.png,p,inc,seq/block/v20_block.csv,60,30,1,v,seq/trial/pc_20.csv,20,30,1,MI,,,,,0,0,0,0,0,0,0,0,0,5,5,4,,,,,154.37784483400173,154.7936918339983,154.7936918339983,155.18911166698672,6,0,None,0,,155.9869776669948,156.3742072499881,,,,,,,,,,,,,,,,,,,,,,,,2.8,156.3742072499881,159.1787677500106,,Xia Xiaokai,01,C,2022-12-18_21h14.15.613,PC_spatial_stroop,2022.2.3,None,
material/top-xia.png,q,inc,seq/block/v20_block.csv,60,30,1,v,seq/trial/pc_20.csv,20,30,1,MI,,,,,0,0,0,0,0,0,0,0,0,6,6,7,,,,,159.1787677500106,159.58877979198587,159.58877979198587,159.97903837499325,7,0,None,0,,160.781049000012,161.17366566701094,,,159.58877979198587,,,,,,,,,,,,,,,,,,,,,2.05,161.17366566701094,163.21529391699005,,Xia Xiaokai,01,C,2022-12-18_21h14.15.613,PC_spatial_stroop,2022.2.3,None,
material/top-xia.png,q,inc,seq/block/v20_block.csv,60,30,1,v,seq/trial/pc_20.csv,20,30,1,MI,,,,,0,0,0,0,0,0,0,0,0,7,7,5,,,,,163.21529391699005,163.62804691700148,163.62804691700148,164.0285993340076,8,0,None,0,,164.8159800840076,165.21219454199309,,,163.62804691700148,,,,,,,,,,,,,,,,,,,,,3.05,165.21219454199309,168.2653543750057,,Xia Xiaokai,01,C,2022-12-18_21h14.15.613,PC_spatial_stroop,2022.2.3,None,
material/bottom-shang.png,p,inc,seq/block/v20_block.csv,60,30,1,v,seq/trial/pc_20.csv,20,30,1,MI,,,,,0,0,0,0,0,0,0,0,0,8,8,2,,,,,168.2653543750057,168.67968854200444,168.67968854200444,169.08053199999267,9,0,None,0,,169.87782158399932,170.26338774999022,,,168.67968854200444,,,,,,,,,,,,,,,,,,,,,2.3,170.26338774999022,172.56233270899975,,Xia Xiaokai,01,C,2022-12-18_21h14.15.613,PC_spatial_stroop,2022.2.3,None,
material/bottom-shang.png,p,inc,seq/block/v20_block.csv,60,30,1,v,seq/trial/pc_20.csv,20,30,1,MI,,,,,0,0,0,0,0,0,0,0,0,9,9,0,,,,,172.56233270899975,172.9711787920096,172.9711787920096,173.36182612500852,10,0,None,0,,174.16300862500793,174.56187758399756,,,172.9711787920096,,,,,,,,,,,,,,,,,,,,,3.05,174.56187758399756,177.6180757090042,,Xia Xiaokai,01,C,2022-12-18_21h14.15.613,PC_spatial_stroop,2022.2.3,None,
material/top-xia.png,q,inc,seq/block/v20_block.csv,60,30,1,v,seq/trial/pc_20.csv,20,30,1,MI,,,,,0,0,0,0,0,0,0,0,1,0,10,3,,,,,177.6180757090042,178.03209904200048,178.03209904200048,178.41913204200682,11,0,None,0,,179.23426237498643,179.6260788750078,,,178.03209904200048,,,,,,,,,,,,,,,,,,,,,2.55,179.6260788750078,182.1872344170115,,Xia Xiaokai,01,C,2022-12-18_21h14.15.613,PC_spatial_stroop,2022.2.3,None,
material/bottom-xia.png,q,con,seq/block/v20_block.csv,60,30,1,v,seq/trial/pc_20.csv,20,30,1,MI,,,,,0,0,0,0,0,0,0,0,1,1,11,9,,,,,182.1872344170115,182.6025562089926,182.6025562089926,183.0094458340027,12,0,None,0,,183.78926191700157,184.1900683749991,,,,,,,,,,,,,,,,,,,,,,,,3.05,184.1900683749991,187.25451379199512,,Xia Xiaokai,01,C,2022-12-18_21h14.15.613,PC_spatial_stroop,2022.2.3,None,
material/top-xia.png,q,inc,seq/block/v20_block.csv,60,30,1,v,seq/trial/pc_20.csv,20,30,1,MI,,,,,0,0,0,0,0,0,0,0,1,2,12,5,,,,,187.25451379199512,187.65923933399608,187.65923933399608,188.06187058400246,13,0,None,0,,188.84932504198514,189.23404608399142,,,187.65923933399608,,,,,,,,,,,,,,,,,,,,,2.8,189.23404608399142,192.03200654199463,,Xia Xiaokai,01,C,2022-12-18_21h14.15.613,PC_spatial_stroop,2022.2.3,None,
material/top-xia.png,q,inc,seq/block/v20_block.csv,60,30,1,v,seq/trial/pc_20.csv,20,30,1,MI,,,,,0,0,0,0,0,0,0,0,1,3,13,1,,,,,192.03200654199463,192.44092079199618,192.44092079199618,192.85184950000257,14,0,None,0,,193.65122720898944,194.03274420899106,,,192.44092079199618,,,,,,,,,,,,,,,,,,,,,2.8,194.03274420899106,196.83277762500802,,Xia Xiaokai,01,C,2022-12-18_21h14.15.613,PC_spatial_stroop,2022.2.3,None,
material/bottom-shang.png,p,inc,seq/block/v20_block.csv,60,30,1,v,seq/trial/pc_20.csv,20,30,1,MI,,,,,0,0,0,0,0,0,0,0,1,4,14,2,,,,,196.83277762500802,197.24913666700013,197.24913666700013,197.65299529201002,15,0,None,0,,198.45080141699873,198.82427912499406,,,,,,,,,,,,,,,,,,,,,,,,3.05,198.82427912499406,201.87314658399555,,Xia Xiaokai,01,C,2022-12-18_21h14.15.613,PC_spatial_stroop,2022.2.3,None,
material/top-xia.png,q,inc,seq/block/v20_block.csv,60,30,1,v,seq/trial/pc_20.csv,20,30,1,MI,,,,,0,0,0,0,0,0,0,0,1,5,15,5,,,,,201.87314658399555,202.29552024998702,202.29552024998702,202.70610016700812,16,0,None,0,,203.47336129200994,203.8892614590004,,,,,,,,,,,,,,,,,,,,,,,,1.8,203.8892614590004,205.68081774999155,,Xia Xiaokai,01,C,2022-12-18_21h14.15.613,PC_spatial_stroop,2022.2.3,None,
material/top-shang.png,p,con,seq/block/v20_block.csv,60,30,1,v,seq/trial/pc_20.csv,20,30,1,MI,,,,,0,0,0,0,0,0,0,0,1,6,16,8,,,,,205.68081774999155,206.09576349999406,206.09576349999406,206.49528229198768,17,0,None,0,,207.28658820901182,207.67840079200687,,,206.09576349999406,,,,,,,,,,,,,,,,,,,,,2.05,207.67840079200687,209.72876920900308,,Xia Xiaokai,01,C,2022-12-18_21h14.15.613,PC_spatial_stroop,2022.2.3,None,
material/bottom-shang.png,p,inc,seq/block/v20_block.csv,60,30,1,v,seq/trial/pc_20.csv,20,30,1,MI,,,,,0,0,0,0,0,0,0,0,1,7,17,4,,,,,209.72876920900308,210.1498387499887,210.1498387499887,210.5566202919872,18,0,None,0,,211.33863566699438,211.72564279200742,,,,,,,,,,,,,,,,,,,,,,,,3.05,211.72564279200742,214.77700866700616,,Xia Xiaokai,01,C,2022-12-18_21h14.15.613,PC_spatial_stroop,2022.2.3,None,
material/top-xia.png,q,inc,seq/block/v20_block.csv,60,30,1,v,seq/trial/pc_20.csv,20,30,1,MI,,,,,0,0,0,0,0,0,0,0,1,8,18,3,,,,,214.77700866700616,215.18406429199968,215.18406429199968,215.58772883401252,19,0,None,0,,216.38881420899997,216.77440787499654,,,215.18406429199968,,,,,,,,,,,,,,,,,,,,,3.05,216.77440787499654,219.82436245901044,,Xia Xiaokai,01,C,2022-12-18_21h14.15.613,PC_spatial_stroop,2022.2.3,None,
material/top-xia.png,q,inc,seq/block/v20_block.csv,60,30,1,v,seq/trial/pc_20.csv,20,30,1,MI,,,,,0,0,0,0,0,0,0,0,1,9,19,7,,,,,219.82436245901044,220.24325804199907,220.24325804199907,220.65128470899072,20,0,None,0,,221.43290187499952,221.83274404201075,,,,,,,,,,,,,,,,,,,,,,,,3.05,221.83274404201075,224.87299670898938,,Xia Xiaokai,01,C,2022-12-18_21h14.15.613,PC_spatial_stroop,2022.2.3,None,
material/top-shang.png,p,con,seq/block/v20_block.csv,60,30,1,v,seq/trial/pc_20.csv,20,30,1,MI,,,,,0,0,0,0,0,0,0,0,2,0,20,8,,,,,224.87299670898938,225.2819626670098,225.2819626670098,225.6828123340092,21,0,None,0,,226.49337641699822,226.8731837499945,,,225.2819626670098,,,,,,,,,,,,,,,,,,,,,2.55,226.8731837499945,229.4217806670058,,Xia Xiaokai,01,C,2022-12-18_21h14.15.613,PC_spatial_stroop,2022.2.3,None,
material/bottom-shang.png,p,inc,seq/block/v20_block.csv,60,30,1,v,seq/trial/pc_20.csv,20,30,1,MI,,,,,0,0,0,0,0,0,0,0,2,1,21,4,,,,,229.4217806670058,229.82740554198972,229.82740554198972,230.22366816698923,22,0,None,0,,231.01562349998858,231.4217570000037,,,,,,,,,,,,,,,,,,,,,,,,2.3,231.4217570000037,233.72448237499339,,Xia Xiaokai,01,C,2022-12-18_21h14.15.613,PC_spatial_stroop,2022.2.3,None,
material/bottom-shang.png,p,inc,seq/block/v20_block.csv,60,30,1,v,seq/trial/pc_20.csv,20,30,1,MI,,,,,0,0,0,0,0,0,0,0,2,2,22,4,,,,,233.72448237499339,234.13144137500785,234.13144137500785,234.53913733400987,23,0,None,0,,235.33688720900682,235.73931741699926,,,234.13144137500785,,,,,,,,,,,,,,,,,,,,,2.8,235.73931741699926,238.53785779199097,,Xia Xiaokai,01,C,2022-12-18_21h14.15.613,PC_spatial_stroop,2022.2.3,None,
material/bottom-xia.png,q,con,seq/block/v20_block.csv,60,30,1,v,seq/trial/pc_20.csv,20,30,1,MI,,,,,0,0,0,0,0,0,0,0,2,3,23,9,,,,,238.53785779199097,238.9494129169907,238.9494129169907,239.35517966700718,24,0,None,0,,240.1545394170098,240.55586891699932,,,,,,,,,,,,,,,,,,,,,,,,2.55,240.55586891699932,243.11013087499305,,Xia Xiaokai,01,C,2022-12-18_21h14.15.613,PC_spatial_stroop,2022.2.3,None,
material/top-xia.png,q,inc,seq/block/v20_block.csv,60,30,1,v,seq/trial/pc_20.csv,20,30,1,MI,,,,,0,0,0,0,0,0,0,0,2,4,24,1,,,,,243.11013087499305,243.521457291994,243.521457291994,243.916187291994,25,0,None,0,,244.71389270899817,245.10486879199743,,,,,,,,,,,,,,,,,,,,,,,,3.05,245.10486879199743,248.14871937499265,,Xia Xiaokai,01,C,2022-12-18_21h14.15.613,PC_spatial_stroop,2022.2.3,None,
material/bottom-xia.png,q,con,seq/block/v20_block.csv,60,30,1,v,seq/trial/pc_20.csv,20,30,1,MI,,,,,0,0,0,0,0,0,0,0,2,5,25,9,,,,,248.14871937499265,248.5606027090107,248.5606027090107,248.96351083400077,26,0,None,0,,249.77104316698387,250.16042529200786,,,248.5606027090107,,,,,,,,,,,,,,,,,,,,,2.8,250.16042529200786,252.9525121669867,,Xia Xiaokai,01,C,2022-12-18_21h14.15.613,PC_spatial_stroop,2022.2.3,None,
material/bottom-shang.png,p,inc,seq/block/v20_block.csv,60,30,1,v,seq/trial/pc_20.csv,20,30,1,MI,,,,,0,0,0,0,0,0,0,0,2,6,26,6,,,,,252.9525121669867,253.36098858399782,253.36098858399782,253.7770315000089,27,0,None,0,,254.5540251249913,254.93580812501023,,,253.36098858399782,,,,,,,,,,,,,,,,,,,,,2.8,254.93580812501023,257.7271702089929,,Xia Xiaokai,01,C,2022-12-18_21h14.15.613,PC_spatial_stroop,2022.2.3,None,
material/top-xia.png,q,inc,seq/block/v20_block.csv,60,30,1,v,seq/trial/pc_20.csv,20,30,1,MI,,,,,0,0,0,0,0,0,0,0,2,7,27,7,,,,,257.7271702089929,258.14462904198444,258.14462904198444,258.5565397499886,28,0,None,0,,259.3285054170119,259.7238867089909,,,,,,,,,,,,,,,,,,,,,,,,3.05,259.7238867089909,262.78056129199103,,Xia Xiaokai,01,C,2022-12-18_21h14.15.613,PC_spatial_stroop,2022.2.3,None,
material/bottom-shang.png,p,inc,seq/block/v20_block.csv,60,30,1,v,seq/trial/pc_20.csv,20,30,1,MI,,,,,0,0,0,0,0,0,0,0,2,8,28,6,,,,,262.78056129199103,263.19715879199794,263.19715879199794,263.6092324999918,29,0,None,0,,264.40566620900063,264.80559445900144,,,,,,,,,,,,,,,,,,,,,,,,2.8,264.80559445900144,267.6067037920002,,Xia Xiaokai,01,C,2022-12-18_21h14.15.613,PC_spatial_stroop,2022.2.3,None,
material/top-xia.png,q,inc,seq/block/v20_block.csv,60,30,1,v,seq/trial/pc_20.csv,20,30,1,MI,,,,,0,0,0,0,0,0,0,0,2,9,29,7,,,,,267.6067037920002,268.01581995899323,268.01581995899323,268.40954087499995,30,0,None,0,,269.2259550000017,269.625835999992,,,268.01581995899323,,,,,,,,,,,,,,,,,,,,,1.8,269.625835999992,271.4239620839944,,Xia Xiaokai,01,C,2022-12-18_21h14.15.613,PC_spatial_stroop,2022.2.3,None,
material/bottom-xia.png,q,con,seq/block/v20_block.csv,60,30,1,v,seq/trial/pc_20.csv,20,30,1,MI,,,,,0,0,0,0,0,0,0,0,3,0,30,9,,,,,271.4239620839944,271.8314101670112,271.8314101670112,272.2424708750041,31,0,None,0,,273.042509958992,273.4260479169898,,,271.8314101670112,,,,,,,,,,,,,,,,,,,,,2.3,273.4260479169898,275.7367997500114,,Xia Xiaokai,01,C,2022-12-18_21h14.15.613,PC_spatial_stroop,2022.2.3,None,
material/bottom-shang.png,p,inc,seq/block/v20_block.csv,60,30,1,v,seq/trial/pc_20.csv,20,30,1,MI,,,,,0,0,0,0,0,0,0,0,3,1,31,0,,,,,275.7367997500114,276.1436010419857,276.1436010419857,276.53489783400437,32,0,None,0,,277.34277625000686,277.73830316698877,,,276.1436010419857,,,,,,,,,,,,,,,,,,,,,2.3,277.73830316698877,280.0400912920013,,Xia Xiaokai,01,C,2022-12-18_21h14.15.613,PC_spatial_stroop,2022.2.3,None,
material/top-xia.png,q,inc,seq/block/v20_block.csv,60,30,1,v,seq/trial/pc_20.csv,20,30,1,MI,,,,,0,0,0,0,0,0,0,0,3,2,32,5,,,,,280.0400912920013,280.4477949590073,280.4477949590073,280.8478221250116,33,0,None,0,,281.6530470419966,282.02808695900603,,,280.4477949590073,,,,,,,,,,,,,,,,,,,,,2.8,282.02808695900603,284.841156999988,,Xia Xiaokai,01,C,2022-12-18_21h14.15.613,PC_spatial_stroop,2022.2.3,None,
material/bottom-shang.png,p,inc,seq/block/v20_block.csv,60,30,1,v,seq/trial/pc_20.csv,20,30,1,MI,,,,,0,0,0,0,0,0,0,0,3,3,33,6,,,,,284.841156999988,285.2476334589883,285.2476334589883,285.6626006249862,34,0,None,0,,286.45896245900076,286.83961875000386,,,285.2476334589883,,,,,,,,,,,,,,,,,,,,,2.55,286.83961875000386,289.3951389169961,,Xia Xiaokai,01,C,2022-12-18_21h14.15.613,PC_spatial_stroop,2022.2.3,None,
material/bottom-shang.png,p,inc,seq/block/v20_block.csv,60,30,1,v,seq/trial/pc_20.csv,20,30,1,MI,,,,,0,0,0,0,0,0,0,0,3,4,34,6,,,,,289.3951389169961,289.81398308399366,289.81398308399366,290.2074024169997,35,0,None,0,,291.0087530419987,291.4073708750075,,,,,,,,,,,,,,,,,,,,,,,,3.05,291.4073708750075,294.4564607089851,,Xia Xiaokai,01,C,2022-12-18_21h14.15.613,PC_spatial_stroop,2022.2.3,None,
material/top-shang.png,p,con,seq/block/v20_block.csv,60,30,1,v,seq/trial/pc_20.csv,20,30,1,MI,,,,,0,0,0,0,0,0,0,0,3,5,35,8,,,,,294.4564607089851,294.8713530419918,294.8713530419918,295.2798946670082,36,0,None,0,,296.07266716699814,296.44474574999185,,,294.8713530419918,,,,,,,,,,,,,,,,,,,,,3.05,296.44474574999185,299.49281783399056,,Xia Xiaokai,01,C,2022-12-18_21h14.15.613,PC_spatial_stroop,2022.2.3,None,
material/bottom-shang.png,p,inc,seq/block/v20_block.csv,60,30,1,v,seq/trial/pc_20.csv,20,30,1,MI,,,,,0,0,0,0,0,0,0,0,3,6,36,2,,,,,299.49281783399056,299.905052334012,299.905052334012,300.3091566670046,37,0,None,0,,301.0848240419873,301.4781530839973,,,,,,,,,,,,,,,,,,,,,,,,3.05,301.4781530839973,304.5181695839856,,Xia Xiaokai,01,C,2022-12-18_21h14.15.613,PC_spatial_stroop,2022.2.3,None,
material/top-xia.png,q,inc,seq/block/v20_block.csv,60,30,1,v,seq/trial/pc_20.csv,20,30,1,MI,,,,,0,0,0,0,0,0,0,0,3,7,37,3,,,,,304.5181695839856,304.93620799999917,304.93620799999917,305.34744399998453,38,0,None,0,,306.11618270899635,306.5047986670106,,,,,,,,,,,,,,,,,,,,,,,,3.05,306.5047986670106,309.5542454170063,,Xia Xiaokai,01,C,2022-12-18_21h14.15.613,PC_spatial_stroop,2022.2.3,None,
material/bottom-shang.png,p,inc,seq/block/v20_block.csv,60,30,1,v,seq/trial/pc_20.csv,20,30,1,MI,,,,,0,0,0,0,0,0,0,0,3,8,38,0,,,,,309.5542454170063,309.96267666699714,309.96267666699714,310.3632335840084,39,0,None,0,,311.1481944170082,311.5459162920015,,,,,,,,,,,,,,,,,,,,,,,,3.05,311.5459162920015,314.60189762499067,,Xia Xiaokai,01,C,2022-12-18_21h14.15.613,PC_spatial_stroop,2022.2.3,None,
,,,,,,,,,,,,,,,,,,,,,,,,,,,,,,,,,314.60189762499067,315.0161824589886,315.0161824589886,315.4174023749947,40,0,None,0,,316.20936945898575,,,,315.0161824589886,,,,,,,,,,,,,,,,,,,,,,,,,,,,,,,,
