﻿stim_image_loc,corr_resp,congruency,practice_trials.thisRepN,practice_trials.thisTrialN,practice_trials.thisN,practice_trials.thisIndex,runs.thisRepN,runs.thisTrialN,runs.thisN,runs.thisIndex,block_seq,long_rest_duration,stop_long_rest_duration,run,volatile,blocks.thisRepN,blocks.thisTrialN,blocks.thisN,blocks.thisIndex,seqfile,short_rest_duration,stop_rest_duration,block,prop,trials.thisRepN,trials.thisTrialN,trials.thisN,trials.thisIndex,intro_image.started,intro_key_resp.started,intro_key_resp.keys,intro_key_resp.rt,fixation_image.started,stim_image.started,stim_resp.started,stim_image.stopped,errorsset,totalaccuracy,stim_resp.keys,stim_resp.corr,stim_resp.rt,black_text.started,black_text.stopped,jitter_practice_text.started,fixation_image.stopped,jitter_practice_text.stopped,judge_message.started,judge_resp.started,judge_resp.keys,judge_resp.rt,wait_fmri_text.started,wait_fmri_key_resp.started,wait_fmri_key_resp.keys,wait_fmri_key_resp.rt,three_text.started,three_key_resp.started,three_key_resp.keys,three_key_resp.rt,two_text.started,two_key_resp.started,two_key_resp.keys,two_key_resp.rt,one_text.started,one_key_resp.started,one_key_resp.keys,one_key_resp.rt,jitter,jitter_text.started,name,sub_num,group,date,expName,psychopyVersion,frameRate,
,,,,,,,,,,,,,,,,,,,,,,,,,,,,,11.471044208010426,11.471044208010426,space,9.499419082974782,,,,,,,,,,,,,,,,,,,,,,,,,,,,,,,,,,,,,Xia Xiaokai,01,C,2022-12-18_20h04.39.113,PC_spatial_stroop,2022.2.3,None,
material/bottom-shang.png,p,inc,0,0,0,2,,,,,,,,,,,,,,,,,,,,,,,,,,,21.046458249998977,21.44785995798884,21.44785995798884,21.8440982500033,0,1,p,1,0.5432435419934336,22.007456040999386,23.01629766600672,23.01629766600672,,,,,,,,,,,,,,,,,,,,,,,,,Xia Xiaokai,01,C,2022-12-18_20h04.39.113,PC_spatial_stroop,2022.2.3,None,
material/bottom-xia.png,q,con,0,1,1,1,,,,,,,,,,,,,,,,,,,,,,,,,,,25.019590707990574,25.426221957983216,25.426221957983216,25.81971962499665,0,2,q,1,0.5001227500033565,25.947611915995367,27.010740625002654,27.010740625002654,25.426221957983216,29.007395207998343,,,,,,,,,,,,,,,,,,,,,,,Xia Xiaokai,01,C,2022-12-18_20h04.39.113,PC_spatial_stroop,2022.2.3,None,
material/top-shang.png,p,con,0,2,2,0,,,,,,,,,,,,,,,,,,,,,,,,,,,29.007395207998343,29.414638916001422,29.414638916001422,29.807358958001714,0,3,p,1,0.4042020839988254,29.83523837500252,31.00922162499046,31.00922162499046,29.414638916001422,,,,,,,,,,,,,,,,,,,,,,,,Xia Xiaokai,01,C,2022-12-18_20h04.39.113,PC_spatial_stroop,2022.2.3,None,
material/top-xia.png,q,inc,0,3,3,3,,,,,,,,,,,,,,,,,,,,,,,,,,,33.006634833000135,33.423026041011326,33.423026041011326,33.81072499998845,0,4,q,1,0.4164417500142008,33.8533008749946,35.01065333301085,35.01065333301085,,37.02606458298396,,,,,,,,,,,,,,,,,,,,,,,Xia Xiaokai,01,C,2022-12-18_20h04.39.113,PC_spatial_stroop,2022.2.3,None,
material/top-shang.png,p,con,1,0,4,0,,,,,,,,,,,,,,,,,,,,,,,,,,,37.02606458298396,37.43888645799598,37.43888645799598,37.82815916600521,0,5,p,1,0.40370354100014083,37.85382454100181,39.02343729100539,39.02343729100539,,41.019121457997244,,,,,,,,,,,,,,,,,,,,,,,Xia Xiaokai,01,C,2022-12-18_20h04.39.113,PC_spatial_stroop,2022.2.3,None,
material/top-xia.png,q,inc,1,1,5,3,,,,,,,,,,,,,,,,,,,,,,,,,,,41.019121457997244,41.425768082990544,41.425768082990544,41.8352337910037,1,5,p,0,0.3821904169744812,41.8352337910037,43.027312541002175,43.027312541002175,41.425768082990544,45.019056040997384,,,,,,,,,,,,,,,,,,,,,,,Xia Xiaokai,01,C,2022-12-18_20h04.39.113,PC_spatial_stroop,2022.2.3,None,
material/top-xia.png,q,inc,1,2,6,3,,,,,,,,,,,,,,,,,,,,,,,,,,,45.019056040997384,45.426144750003004,45.426144750003004,45.82138708300772,2,5,p,0,0.5107601670024451,45.94780624998384,47.01124900000286,47.01124900000286,45.426144750003004,49.000545999995666,,,,,,,,,,,,,,,,,,,,,,,Xia Xiaokai,01,C,2022-12-18_20h04.39.113,PC_spatial_stroop,2022.2.3,None,
material/bottom-xia.png,q,con,1,3,7,1,,,,,,,,,,,,,,,,,,,,,,,,,,,49.000545999995666,49.41856024999288,49.41856024999288,49.82530558298458,3,5,p,0,1.0444515830022283,50.47303049999755,51.00719237499288,51.00719237499288,49.41856024999288,,,,,,,,,,,,,,,,,,,,,,,,Xia Xiaokai,01,C,2022-12-18_20h04.39.113,PC_spatial_stroop,2022.2.3,None,
material/bottom-shang.png,p,inc,2,0,8,2,,,,,,,,,,,,,,,,,,,,,,,,,,,53.00715674998355,53.42333791599958,53.42333791599958,53.815611541009275,3,6,p,1,0.5302711669937707,53.96852133300854,55.00732154099387,55.00732154099387,,57.007144875009544,,,,,,,,,,,,,,,,,,,,,,,Xia Xiaokai,01,C,2022-12-18_20h04.39.113,PC_spatial_stroop,2022.2.3,None,
material/bottom-shang.png,p,inc,2,1,9,2,,,,,,,,,,,,,,,,,,,,,,,,,,,57.007144875009544,57.41541612500441,57.41541612500441,57.82136587498826,3,7,p,1,0.6573347499943338,58.097601415996905,59.002771125000436,59.002771125000436,57.41541612500441,60.99480200000107,,,,,,,,,,,,,,,,,,,,,,,Xia Xiaokai,01,C,2022-12-18_20h04.39.113,PC_spatial_stroop,2022.2.3,None,
material/top-shang.png,p,con,2,2,10,0,,,,,,,,,,,,,,,,,,,,,,,,,,,60.99480200000107,61.40209741599392,61.40209741599392,61.78907816600986,3,8,p,1,0.4601336669875309,61.87318966598832,62.982596207992174,62.982596207992174,61.40209741599392,64.98191979099647,,,,,,,,,,,,,,,,,,,,,,,Xia Xiaokai,01,C,2022-12-18_20h04.39.113,PC_spatial_stroop,2022.2.3,None,
material/bottom-shang.png,p,inc,2,3,11,2,,,,,,,,,,,,,,,,,,,,,,,,,,,64.98191979099647,65.38932112499606,65.38932112499606,65.79066949998378,3,9,p,1,0.5165012500074226,65.91285658298875,66.97309479099931,66.97309479099931,65.38932112499606,68.96845195800415,,,,,,,,,,,,,,,,,,,,,,,Xia Xiaokai,01,C,2022-12-18_20h04.39.113,PC_spatial_stroop,2022.2.3,None,
material/bottom-xia.png,q,con,3,0,12,1,,,,,,,,,,,,,,,,,,,,,,,,,,,68.96845195800415,69.37904079098371,69.37904079098371,69.78226800000994,4,9,p,0,0.5011677909933496,69.89840120798908,70.9761177909968,70.9761177909968,69.37904079098371,72.96701854100684,,,,,,,,,,,,,,,,,,,,,,,Xia Xiaokai,01,C,2022-12-18_20h04.39.113,PC_spatial_stroop,2022.2.3,None,
material/top-shang.png,p,con,3,1,13,0,,,,,,,,,,,,,,,,,,,,,,,,,,,72.96701854100684,73.37678908300586,73.37678908300586,73.77791333300411,4,10,p,1,0.4660561249766033,73.85763670800952,74.95299458299996,74.95299458299996,73.37678908300586,76.95299162500305,,,,,,,,,,,,,,,,,,,,,,,Xia Xiaokai,01,C,2022-12-18_20h04.39.113,PC_spatial_stroop,2022.2.3,None,
material/top-xia.png,q,inc,3,2,14,3,,,,,,,,,,,,,,,,,,,,,,,,,,,76.95299162500305,77.37035787498462,77.37035787498462,77.76972329098498,5,10,p,0,0.4623506249918137,77.84819808299653,78.9486819159938,78.9486819159938,77.37035787498462,80.95954899999197,,,,,,,,,,,,,,,,,,,,,,,Xia Xiaokai,01,C,2022-12-18_20h04.39.113,PC_spatial_stroop,2022.2.3,None,
material/bottom-xia.png,q,con,3,3,15,1,,,,,,,,,,,,,,,,,,,,,,,,,,,80.95954899999197,81.3663168750063,81.3663168750063,81.77124724999885,6,10,p,0,0.6044647080125287,81.98305470799096,82.94932712501031,82.94932712501031,81.3663168750063,,,,,,,,,,,,,,,,,,,,,,,,Xia Xiaokai,01,C,2022-12-18_20h04.39.113,PC_spatial_stroop,2022.2.3,None,
,,,,,,,,,,,,,,,,,,,,,,,,,,,,,,,,,,,,,,,,,,,,,,,84.97247133299243,84.97247133299243,space,4.5111535000032745,,,,,,,,,,,,,,,,,,,Xia Xiaokai,01,C,2022-12-18_20h04.39.113,PC_spatial_stroop,2022.2.3,None,
,,,,,,,,,,,,,,,,,,,,,,,,,,,,,,,,,96.1753130829893,96.5825229579932,96.5825229579932,96.97302879099152,1,0,None,0,,97.76123554099468,98.16967704100534,,,,,,,,89.50592799999868,89.50592799999868,s,1.2653957500006072,90.78376604098594,90.78376604098594,s,1.8883685000182595,92.68163420798373,92.68163420798373,s,1.8807122910220642,94.57591495799716,94.57591495799716,s,1.5741380420222413,3050,98.16967704100534,,,,,,,,
