﻿stim_image_loc,corr_resp,congruency,practice_trials.thisRepN,practice_trials.thisTrialN,practice_trials.thisN,practice_trials.thisIndex,runs.thisRepN,runs.thisTrialN,runs.thisN,runs.thisIndex,block_seq,long_rest_duration,stop_long_rest_duration,run,volatile,blocks.thisRepN,blocks.thisTrialN,blocks.thisN,blocks.thisIndex,seqfile,short_rest_duration,stop_rest_duration,block,prop,trials.thisRepN,trials.thisTrialN,trials.thisN,trials.thisIndex,intro_image.started,intro_key_resp.started,intro_key_resp.keys,intro_key_resp.rt,fixation_image.started,stim_image.started,stim_resp.started,stim_image.stopped,errorsset,totalaccuracy,stim_resp.keys,stim_resp.corr,black_text.started,black_text.stopped,jitter_practice_text.started,jitter_practice_text.stopped,fixation_image.stopped,stim_resp.rt,judge_message.started,judge_resp.started,judge_resp.keys,judge_resp.rt,wait_fmri_text.started,wait_fmri_key_resp.started,wait_fmri_key_resp.keys,wait_fmri_key_resp.rt,three_text.started,three_key_resp.started,three_key_resp.keys,three_key_resp.rt,two_text.started,two_key_resp.started,two_key_resp.keys,two_key_resp.rt,one_text.started,one_key_resp.started,one_key_resp.keys,one_key_resp.rt,jitter,jitter_text.started,name,sub_num,group,date,expName,psychopyVersion,frameRate,
,,,,,,,,,,,,,,,,,,,,,,,,,,,,,44.85973454200001,44.85973454200001,space,2.3821795409999993,,,,,,,,,,,,,,,,,,,,,,,,,,,,,,,,,,,,,Xia Xiaokai,01,A,2022-12-29_16h25.38.908,PC_spatial_stroop,2022.2.3,None,
material/top-xia.png,q,inc,0,0,0,3,,,,,,,,,,,,,,,,,,,,,,,,,,,47.363790084000016,47.695269292000006,47.695269292000006,48.09565087500002,1,0,None,0,48.88728229200001,49.28733550000001,49.28733550000001,51.27903341700002,,,,,,,,,,,,,,,,,,,,,,,,,Xia Xiaokai,01,A,2022-12-29_16h25.38.908,PC_spatial_stroop,2022.2.3,None,
material/bottom-shang.png,p,inc,0,1,1,2,,,,,,,,,,,,,,,,,,,,,,,,,,,51.27903341700002,51.686009875000025,51.686009875000025,52.08730579200002,2,0,q,0,52.212122917000016,53.26514829200002,53.26514829200002,55.258455209000005,51.686009875000025,0.5094107490000113,,,,,,,,,,,,,,,,,,,,,,,Xia Xiaokai,01,A,2022-12-29_16h25.38.908,PC_spatial_stroop,2022.2.3,None,
material/top-shang.png,p,con,0,2,2,0,,,,,,,,,,,,,,,,,,,,,,,,,,,55.258455209000005,55.661984750000016,55.661984750000016,56.049984709,2,1,p,1,56.095587834000014,57.24565000000001,57.24565000000001,59.24564816700001,55.661984750000016,0.4240397490000021,,,,,,,,,,,,,,,,,,,,,,,Xia Xiaokai,01,A,2022-12-29_16h25.38.908,PC_spatial_stroop,2022.2.3,None,
material/top-shang.png,p,con,0,3,3,0,,,,,,,,,,,,,,,,,,,,,,,,,,,59.24564816700001,59.654177334000025,59.654177334000025,60.04142554200001,2,2,p,1,60.10514416700002,61.24149825000001,61.24149825000001,63.237318750000014,59.654177334000025,0.43724416599999927,,,,,,,,,,,,,,,,,,,,,,,Xia Xiaokai,01,A,2022-12-29_16h25.38.908,PC_spatial_stroop,2022.2.3,None,
material/top-shang.png,p,con,1,0,4,0,,,,,,,,,,,,,,,,,,,,,,,,,,,63.237318750000014,63.64512075000002,63.64512075000002,,2,3,p,1,64.02866283400002,65.22480683400002,65.22480683400002,67.221083875,63.64512075000002,0.3694569989999934,,,,,,,,,,,,,,,,,,,,,,,Xia Xiaokai,01,A,2022-12-29_16h25.38.908,PC_spatial_stroop,2022.2.3,None,
material/bottom-xia.png,q,con,1,1,5,1,,,,,,,,,,,,,,,,,,,,,,,,,,,67.221083875,67.62089358400002,67.62089358400002,,2,4,q,1,67.97477620900003,69.201099959,69.201099959,71.195590917,67.62089358400002,0.34847750000000133,,,,,,,,,,,,,,,,,,,,,,,Xia Xiaokai,01,A,2022-12-29_16h25.38.908,PC_spatial_stroop,2022.2.3,None,
material/bottom-shang.png,p,inc,1,2,6,2,,,,,,,,,,,,,,,,,,,,,,,,,,,71.195590917,71.60252958400002,71.60252958400002,72.003893,3,4,q,0,72.05369470900001,73.18350366700002,73.18350366700002,75.17534283400002,71.60252958400002,0.44148449899998354,,,,,,,,,,,,,,,,,,,,,,,Xia Xiaokai,01,A,2022-12-29_16h25.38.908,PC_spatial_stroop,2022.2.3,None,
material/bottom-shang.png,p,inc,1,3,7,2,,,,,,,,,,,,,,,,,,,,,,,,,,,75.17534283400002,75.57792875000001,75.57792875000001,75.97887250000002,4,4,q,0,76.30402408400002,77.17056575000001,77.17056575000001,79.170596125,75.57792875000001,0.7138206659999753,,,,,,,,,,,,,,,,,,,,,,,Xia Xiaokai,01,A,2022-12-29_16h25.38.908,PC_spatial_stroop,2022.2.3,None,
material/top-shang.png,p,con,2,0,8,0,,,,,,,,,,,,,,,,,,,,,,,,,,,79.170596125,79.57890741700001,79.57890741700001,,4,5,p,1,79.944708625,81.16225191700002,81.16225191700002,83.15406900000002,79.57890741700001,0.35257766600000195,,,,,,,,,,,,,,,,,,,,,,,Xia Xiaokai,01,A,2022-12-29_16h25.38.908,PC_spatial_stroop,2022.2.3,None,
material/bottom-xia.png,q,con,2,1,9,1,,,,,,,,,,,,,,,,,,,,,,,,,,,83.15406900000002,83.56328908400002,83.56328908400002,83.95000004200003,4,6,q,1,84.04532970900001,85.15398091700001,85.15398091700001,87.145677917,83.56328908400002,0.46895362399999385,,,,,,,,,,,,,,,,,,,,,,,Xia Xiaokai,01,A,2022-12-29_16h25.38.908,PC_spatial_stroop,2022.2.3,None,
material/top-xia.png,q,inc,2,2,10,3,,,,,,,,,,,,,,,,,,,,,,,,,,,87.145677917,87.55324712500001,87.55324712500001,87.941431709,5,6,p,0,88.23702520900002,89.13723912500001,89.13723912500001,91.13729262500001,87.55324712500001,0.6709418329999721,,,,,,,,,,,,,,,,,,,,,,,Xia Xiaokai,01,A,2022-12-29_16h25.38.908,PC_spatial_stroop,2022.2.3,None,
material/bottom-xia.png,q,con,2,3,11,1,,,,,,,,,,,,,,,,,,,,,,,,,,,91.13729262500001,91.54543075000001,91.54543075000001,91.933126375,6,6,p,0,92.05372337500003,93.12454683400003,93.12454683400003,95.11611858400002,91.54543075000001,0.4954800409999791,,,,,,,,,,,,,,,,,,,,,,,Xia Xiaokai,01,A,2022-12-29_16h25.38.908,PC_spatial_stroop,2022.2.3,None,
material/top-xia.png,q,inc,3,0,12,3,,,,,,,,,,,,,,,,,,,,,,,,,,,95.11611858400002,95.520051042,95.520051042,95.90708295900001,7,6,p,0,95.95378108400004,97.09971116700004,97.09971116700004,99.095568542,95.520051042,0.42278908199998,,,,,,,,,,,,,,,,,,,,,,,Xia Xiaokai,01,A,2022-12-29_16h25.38.908,PC_spatial_stroop,2022.2.3,None,
material/top-xia.png,q,inc,3,1,13,3,,,,,,,,,,,,,,,,,,,,,,,,,,,99.095568542,99.50319887500004,99.50319887500004,99.89127025000002,7,7,q,1,99.89127025000002,101.08718350000001,101.08718350000001,103.07529470900002,99.50319887500004,0.3839483739999707,,,,,,,,,,,,,,,,,,,,,,,Xia Xiaokai,01,A,2022-12-29_16h25.38.908,PC_spatial_stroop,2022.2.3,None,
material/bottom-xia.png,q,con,3,2,14,1,,,,,,,,,,,,,,,,,,,,,,,,,,,103.07529470900002,103.47780270900003,103.47780270900003,103.87889904200003,8,7,p,0,103.97085879200003,105.07046850000003,105.07046850000003,107.070530042,103.47780270900003,0.4797876660000213,,,,,,,,,,,,,,,,,,,,,,,Xia Xiaokai,01,A,2022-12-29_16h25.38.908,PC_spatial_stroop,2022.2.3,None,
material/bottom-shang.png,p,inc,3,3,15,2,,,,,,,,,,,,,,,,,,,,,,,,,,,107.070530042,107.47917354200004,107.47917354200004,107.86617462500001,9,7,q,0,107.86617462500001,109.06237662500004,109.06237662500004,111.07583975000003,107.47917354200004,0.3817608739999798,,,,,,,,,,,,,,,,,,,,,,,Xia Xiaokai,01,A,2022-12-29_16h25.38.908,PC_spatial_stroop,2022.2.3,None,
,,,,,,,,,,,,,,,,,,,,,,,,,,,,,,,,,,,,,,,,,,,,,,,111.07583975000003,111.07583975000003,space,2.2271027079999897,,,,,,,,,,,,,,,,,,,Xia Xiaokai,01,A,2022-12-29_16h25.38.908,PC_spatial_stroop,2022.2.3,None,
,,,,,,,,,,,,,,,,,,,,,,,,,,,,,,,,,117.44724229200003,117.851321292,117.851321292,118.24530454200001,1,0,None,0,119.04723116700004,119.432985167,,,,,,,,,113.32738487500004,113.32738487500004,s,1.517601041000006,114.87099704200003,114.87099704200003,s,0.8857282499999712,115.77081525000003,115.77081525000003,s,0.8867522489999544,116.674199125,116.674199125,s,0.7483503750000011,2.3,119.432985167,,,,,,,,
