﻿stim_image_loc,corr_resp,congruency,practice_trials.thisRepN,practice_trials.thisTrialN,practice_trials.thisN,practice_trials.thisIndex,runs.thisRepN,runs.thisTrialN,runs.thisN,runs.thisIndex,block_seq,long_rest_duration,stop_long_rest_duration,run,volatile,blocks.thisRepN,blocks.thisTrialN,blocks.thisN,blocks.thisIndex,seqfile,short_rest_duration,stop_rest_duration,block,prop,trials.thisRepN,trials.thisTrialN,trials.thisN,trials.thisIndex,intro_image.started,intro_key_resp.started,intro_key_resp.keys,intro_key_resp.rt,fixation_image.started,stim_image.started,stim_resp.started,stim_image.stopped,errorsset,totalaccuracy,stim_resp.keys,stim_resp.corr,stim_resp.rt,black_text.started,black_text.stopped,jitter_practice_text.started,jitter_practice_text.stopped,fixation_image.stopped,judge_message.started,judge_resp.started,judge_resp.keys,judge_resp.rt,wait_fmri_text.started,wait_fmri_key_resp.started,wait_fmri_key_resp.keys,wait_fmri_key_resp.rt,three_text.started,three_key_resp.started,three_key_resp.keys,three_key_resp.rt,two_text.started,two_key_resp.started,two_key_resp.keys,two_key_resp.rt,one_text.started,one_key_resp.started,one_key_resp.keys,one_key_resp.rt,name,sub_num,group,date,expName,psychopyVersion,frameRate,
,,,,,,,,,,,,,,,,,,,,,,,,,,,,,13.274205749999965,13.274205749999965,space,7.167303499998525,,,,,,,,,,,,,,,,,,,,,,,,,,,,,,,,,,,Xia Xiaokai,01,C,2022-12-18_19h56.36.747,PC_spatial_stroop,2022.2.3,None,
material/bottom-shang.png,p,inc,0,0,0,2,,,,,,,,,,,,,,,,,,,,,,,,,,,20.507502666005166,20.903751458012266,20.903751458012266,21.297637750016293,0,1,p,1,0.5858020420128014,21.500794874998974,22.49035587499384,22.49035587499384,24.481095041002845,,,,,,,,,,,,,,,,,,,,,,Xia Xiaokai,01,C,2022-12-18_19h56.36.747,PC_spatial_stroop,2022.2.3,None,
material/top-xia.png,q,inc,0,1,1,3,,,,,,,,,,,,,,,,,,,,,,,,,,,24.481095041002845,24.88661575000151,24.88661575000151,25.277503207995323,1,1,p,0,0.5075120420078747,25.42809704100364,26.485271290992387,26.485271290992387,,24.88661575000151,,,,,,,,,,,,,,,,,,,,,Xia Xiaokai,01,C,2022-12-18_19h56.36.747,PC_spatial_stroop,2022.2.3,None,
material/bottom-shang.png,p,inc,0,2,2,2,,,,,,,,,,,,,,,,,,,,,,,,,,,28.480153540993342,28.89611941599287,28.89611941599287,29.28368970801239,1,2,p,1,0.8798768340202514,29.792685082997195,30.48019945799024,30.48019945799024,32.49127649998991,,,,,,,,,,,,,,,,,,,,,,Xia Xiaokai,01,C,2022-12-18_19h56.36.747,PC_spatial_stroop,2022.2.3,None,
material/top-shang.png,p,con,0,3,3,0,,,,,,,,,,,,,,,,,,,,,,,,,,,32.49127649998991,32.899819332989864,32.899819332989864,33.30099708298803,1,3,p,1,0.5568296249839477,33.46992937501636,34.48851383299916,34.48851383299916,36.483099625009345,,,,,,,,,,,,,,,,,,,,,,Xia Xiaokai,01,C,2022-12-18_19h56.36.747,PC_spatial_stroop,2022.2.3,None,
material/bottom-xia.png,q,con,1,0,4,1,,,,,,,,,,,,,,,,,,,,,,,,,,,36.483099625009345,36.88976495800307,36.88976495800307,37.29342254099902,1,4,q,1,0.5577065419929568,37.47095316599007,38.475993791013025,38.475993791013025,40.4767855409882,36.88976495800307,,,,,,,,,,,,,,,,,,,,,Xia Xiaokai,01,C,2022-12-18_19h56.36.747,PC_spatial_stroop,2022.2.3,None,
material/bottom-xia.png,q,con,1,1,5,1,,,,,,,,,,,,,,,,,,,,,,,,,,,40.4767855409882,40.88806008300162,40.88806008300162,41.28744099999312,1,5,q,1,0.7463296659989282,41.6425155409961,42.47261404100573,42.47261404100573,44.4635656659957,40.88806008300162,,,,,,,,,,,,,,,,,,,,,Xia Xiaokai,01,C,2022-12-18_19h56.36.747,PC_spatial_stroop,2022.2.3,None,
material/bottom-xia.png,q,con,1,2,6,1,,,,,,,,,,,,,,,,,,,,,,,,,,,44.4635656659957,44.87029358299333,44.87029358299333,45.27267779101385,2,5,p,0,0.4810147909738589,45.3757284579915,46.45736154098995,46.45736154098995,,44.87029358299333,,,,,,,,,,,,,,,,,,,,,Xia Xiaokai,01,C,2022-12-18_19h56.36.747,PC_spatial_stroop,2022.2.3,None,
material/bottom-shang.png,p,inc,1,3,7,2,,,,,,,,,,,,,,,,,,,,,,,,,,,48.45570799999405,48.86504866598989,48.86504866598989,49.26852849998977,3,5,q,0,0.568453749991022,49.43957049999153,50.451670083013596,50.451670083013596,,48.86504866598989,,,,,,,,,,,,,,,,,,,,,Xia Xiaokai,01,C,2022-12-18_19h56.36.747,PC_spatial_stroop,2022.2.3,None,
material/bottom-shang.png,p,inc,2,0,8,2,,,,,,,,,,,,,,,,,,,,,,,,,,,52.45756258300389,52.864784125005826,52.864784125005826,53.256575166014954,3,6,p,1,0.5314088329905644,53.42096270801267,54.45596116600791,54.45596116600791,56.456750582990935,52.864784125005826,,,,,,,,,,,,,,,,,,,,,Xia Xiaokai,01,C,2022-12-18_19h56.36.747,PC_spatial_stroop,2022.2.3,None,
material/top-shang.png,p,con,2,1,9,0,,,,,,,,,,,,,,,,,,,,,,,,,,,56.456750582990935,56.86409583300701,56.86409583300701,57.2548441659892,3,7,p,1,0.5456493330129888,57.421818083006656,58.45159199999762,58.45159199999762,60.44180708299973,56.86409583300701,,,,,,,,,,,,,,,,,,,,,Xia Xiaokai,01,C,2022-12-18_19h56.36.747,PC_spatial_stroop,2022.2.3,None,
material/top-xia.png,q,inc,2,2,10,3,,,,,,,,,,,,,,,,,,,,,,,,,,,60.44180708299973,60.85336770801223,60.85336770801223,61.25647925000521,3,8,q,1,0.6115915830014274,61.47605145801208,62.442857540998375,62.442857540998375,64.44357058301102,60.85336770801223,,,,,,,,,,,,,,,,,,,,,Xia Xiaokai,01,C,2022-12-18_19h56.36.747,PC_spatial_stroop,2022.2.3,None,
material/top-xia.png,q,inc,2,3,11,3,,,,,,,,,,,,,,,,,,,,,,,,,,,64.44357058301102,64.85945970800822,64.85945970800822,65.25594416601234,4,8,p,0,0.4145237499906216,65.28424737500609,66.43410837498959,66.43410837498959,68.43259954100358,64.85945970800822,,,,,,,,,,,,,,,,,,,,,Xia Xiaokai,01,C,2022-12-18_19h56.36.747,PC_spatial_stroop,2022.2.3,None,
material/top-xia.png,q,inc,3,0,12,3,,,,,,,,,,,,,,,,,,,,,,,,,,,68.43259954100358,68.84461437500431,68.84461437500431,69.24291050000465,5,8,p,0,1.088471415976528,69.9463580000156,70.42652149999049,70.42652149999049,72.41532400000142,68.84461437500431,,,,,,,,,,,,,,,,,,,,,Xia Xiaokai,01,C,2022-12-18_19h56.36.747,PC_spatial_stroop,2022.2.3,None,
material/top-shang.png,p,con,3,1,13,0,,,,,,,,,,,,,,,,,,,,,,,,,,,72.41532400000142,72.8220378330152,72.8220378330152,73.21279420799692,5,9,p,1,0.47271425000508316,73.3135215830116,74.39762533298926,74.39762533298926,76.39773441600846,72.8220378330152,,,,,,,,,,,,,,,,,,,,,Xia Xiaokai,01,C,2022-12-18_19h56.36.747,PC_spatial_stroop,2022.2.3,None,
material/top-shang.png,p,con,3,2,14,0,,,,,,,,,,,,,,,,,,,,,,,,,,,76.39773441600846,76.80634974999703,76.80634974999703,77.20162283300306,5,10,p,1,0.7322320829844102,77.55109620801522,78.38398083299398,78.38398083299398,80.3850440410024,76.80634974999703,,,,,,,,,,,,,,,,,,,,,Xia Xiaokai,01,C,2022-12-18_19h56.36.747,PC_spatial_stroop,2022.2.3,None,
material/bottom-xia.png,q,con,3,3,15,1,,,,,,,,,,,,,,,,,,,,,,,,,,,80.3850440410024,80.80485670801136,80.80485670801136,81.19757283301442,5,11,q,1,0.4772178750135936,81.30085812500329,82.39278945801198,82.39278945801198,84.42278100000112,,,,,,,,,,,,,,,,,,,,,,Xia Xiaokai,01,C,2022-12-18_19h56.36.747,PC_spatial_stroop,2022.2.3,None,
,,,,,,,,,,,,,,,,,,,,,,,,,,,,,,,,,,,,,,,,,,,,,,,84.42278100000112,84.42278100000112,space,2.4871094590052962,,,,,,,,,,,,,,,,,Xia Xiaokai,01,C,2022-12-18_19h56.36.747,PC_spatial_stroop,2022.2.3,None,
,,,,,,,,,,,,,,,,,,,,,,,,,,,,,,,,,93.25501300001633,93.65228170799674,93.65228170799674,94.05582729101297,0,1,None,0,,94.8476412500022,,,,,,,,,86.93043683300493,86.93043683300493,s,1.5964758339978289,88.53845004100003,88.53845004100003,s,1.2769042080035433,89.82955104100984,89.82955104100984,s,1.3445314169803169,91.1858211249928,91.1858211249928,s,2.0318506250041537,,,,,,,,
