﻿stim_image_loc,corr_resp,congruency,block_seq,long_rest_duration,stop_long_rest_duration,run,volatile,seqfile,short_rest_duration,stop_rest_duration,block,prop,practice_trials.thisRepN,practice_trials.thisTrialN,practice_trials.thisN,practice_trials.thisIndex,runs.thisRepN,runs.thisTrialN,runs.thisN,runs.thisIndex,blocks.thisRepN,blocks.thisTrialN,blocks.thisN,blocks.thisIndex,trials.thisRepN,trials.thisTrialN,trials.thisN,trials.thisIndex,intro_image.started,intro_key_resp.started,intro_key_resp.keys,intro_key_resp.rt,fixation_image.started,stim_image.started,stim_resp.started,stim_image.stopped,errorsset,totalaccuracy,stim_resp.keys,stim_resp.corr,stim_resp.rt,black_text.started,black_text.stopped,jitter_practice_text.started,jitter_practice_text.stopped,fixation_image.stopped,judge_message.started,judge_resp.started,judge_resp.keys,judge_resp.rt,wait_fmri_text.started,wait_fmri_key_resp.started,wait_fmri_key_resp.keys,wait_fmri_key_resp.rt,three_text.started,three_key_resp.started,three_key_resp.keys,three_key_resp.rt,two_text.started,two_key_resp.started,two_key_resp.keys,two_key_resp.rt,one_text.started,one_key_resp.started,one_key_resp.keys,one_key_resp.rt,jitter,jitter_text.started,jitter_text.stopped,stim_resp.stopped,short_rest_image.started,short_rest_image.stopped,rest_end_image.started,rest_end_key_resp.started,rest_end_key_resp.keys,rest_end_key_resp.rt,name,sub_num,group,date,expName,psychopyVersion,frameRate,
,,,,,,,,,,,,,,,,,,,,,,,,,,,,,13.357370916026412,13.357370916026412,space,2.5536488750076387,,,,,,,,,,,,,,,,,,,,,,,,,,,,,,,,,,,,,,,,,,,,,Xia Xiaokai,01,D,2022-12-18_21h32.40.524,PC_spatial_stroop,2022.2.3,60.39633598394216,
material/bottom-shang.png,p,inc,,,,,,,,,,,0,0,0,2,,,,,,,,,,,,,,,,,15.971881125005893,16.365420375019312,16.365420375019312,16.755903208017116,0,1,p,1,0.6732600840041414,17.055994958005613,17.948470208008075,17.948470208008075,19.93761654102127,,,,,,,,,,,,,,,,,,,,,,,,,,,,,,,,Xia Xiaokai,01,D,2022-12-18_21h32.40.524,PC_spatial_stroop,2022.2.3,60.39633598394216,
material/top-xia.png,q,inc,,,,,,,,,,,0,1,1,3,,,,,,,,,,,,,,,,,19.93761654102127,20.344915166002465,20.344915166002465,20.755501041014213,0,2,q,1,0.4091575839847792,20.765177041001152,21.93981608300237,21.93981608300237,,20.344915166002465,,,,,,,,,,,,,,,,,,,,,,,,,,,,,,,Xia Xiaokai,01,D,2022-12-18_21h32.40.524,PC_spatial_stroop,2022.2.3,60.39633598394216,
material/bottom-xia.png,q,con,,,,,,,,,,,0,2,2,1,,,,,,,,,,,,,,,,,23.93525387500995,24.339904583001044,24.339904583001044,24.737698583019665,1,2,p,0,0.6554017919988837,25.007929875020636,25.925029083009576,25.925029083009576,,24.339904583001044,,,,,,,,,,,,,,,,,,,,,,,,,,,,,,,Xia Xiaokai,01,D,2022-12-18_21h32.40.524,PC_spatial_stroop,2022.2.3,60.39633598394216,
material/bottom-xia.png,q,con,,,,,,,,,,,0,3,3,1,,,,,,,,,,,,,,,,,27.920691500010435,28.327832958020736,28.327832958020736,,2,2,p,0,0.3616066249960568,28.702169083000626,29.90355816599913,29.90355816599913,31.906945208000252,28.327832958020736,,,,,,,,,,,,,,,,,,,,,,,,,,,,,,,Xia Xiaokai,01,D,2022-12-18_21h32.40.524,PC_spatial_stroop,2022.2.3,60.39633598394216,
material/top-shang.png,p,con,,,,,,,,,,,1,0,4,0,,,,,,,,,,,,,,,,,31.906945208000252,32.320179250004,32.320179250004,32.70705425000051,2,3,p,1,0.7093427500221878,33.04366179101635,33.902884250011994,33.902884250011994,35.89108825000585,32.320179250004,,,,,,,,,,,,,,,,,,,,,,,,,,,,,,,Xia Xiaokai,01,D,2022-12-18_21h32.40.524,PC_spatial_stroop,2022.2.3,60.39633598394216,
material/top-shang.png,p,con,,,,,,,,,,,1,1,5,0,,,,,,,,,,,,,,,,,35.89108825000585,36.294763333018636,36.294763333018636,36.69776904102764,2,4,p,1,0.477020333026303,36.78256933300872,37.88707150000846,37.88707150000846,,36.294763333018636,,,,,,,,,,,,,,,,,,,,,,,,,,,,,,,Xia Xiaokai,01,D,2022-12-18_21h32.40.524,PC_spatial_stroop,2022.2.3,60.39633598394216,
material/bottom-shang.png,p,inc,,,,,,,,,,,1,2,6,2,,,,,,,,,,,,,,,,,39.88856887500151,40.292906540998956,40.292906540998956,40.70409483302501,3,4,q,0,0.5242627909756266,40.834088833013084,41.873651250003604,41.873651250003604,43.86191608302761,40.292906540998956,,,,,,,,,,,,,,,,,,,,,,,,,,,,,,,Xia Xiaokai,01,D,2022-12-18_21h32.40.524,PC_spatial_stroop,2022.2.3,60.39633598394216,
material/top-shang.png,p,con,,,,,,,,,,,1,3,7,0,,,,,,,,,,,,,,,,,43.86191608302761,44.272429000004195,44.272429000004195,,3,5,p,1,0.2832645830058027,44.565707916015526,45.85802825001883,45.85802825001883,47.84663850002107,44.272429000004195,,,,,,,,,,,,,,,,,,,,,,,,,,,,,,,Xia Xiaokai,01,D,2022-12-18_21h32.40.524,PC_spatial_stroop,2022.2.3,60.39633598394216,
material/bottom-xia.png,q,con,,,,,,,,,,,2,0,8,1,,,,,,,,,,,,,,,,,47.84663850002107,48.24769791602739,48.24769791602739,48.64822433301015,4,5,p,0,0.38462970798718743,48.64822433301015,49.84945904102642,49.84945904102642,51.84000825000112,48.24769791602739,,,,,,,,,,,,,,,,,,,,,,,,,,,,,,,Xia Xiaokai,01,D,2022-12-18_21h32.40.524,PC_spatial_stroop,2022.2.3,60.39633598394216,
material/top-shang.png,p,con,,,,,,,,,,,2,1,9,0,,,,,,,,,,,,,,,,,51.84000825000112,52.25574858300388,52.25574858300388,,4,6,p,1,0.25197279200074263,52.52734870801214,53.83023791600135,53.83023791600135,55.820817625004565,52.25574858300388,,,,,,,,,,,,,,,,,,,,,,,,,,,,,,,Xia Xiaokai,01,D,2022-12-18_21h32.40.524,PC_spatial_stroop,2022.2.3,60.39633598394216,
material/bottom-shang.png,p,inc,,,,,,,,,,,2,2,10,2,,,,,,,,,,,,,,,,,55.820817625004565,56.230023666023044,56.230023666023044,56.63379904101021,4,7,p,1,0.41173816699301824,56.65260087500792,57.8107749580231,57.8107749580231,59.80833366600564,56.230023666023044,,,,,,,,,,,,,,,,,,,,,,,,,,,,,,,Xia Xiaokai,01,D,2022-12-18_21h32.40.524,PC_spatial_stroop,2022.2.3,60.39633598394216,
material/top-xia.png,q,inc,,,,,,,,,,,2,3,11,3,,,,,,,,,,,,,,,,,59.80833366600564,60.217556291026995,60.217556291026995,,5,7,p,0,0.3508709169982467,60.58270141601679,61.79673004100914,61.79673004100914,63.7971270000271,60.217556291026995,,,,,,,,,,,,,,,,,,,,,,,,,,,,,,,Xia Xiaokai,01,D,2022-12-18_21h32.40.524,PC_spatial_stroop,2022.2.3,60.39633598394216,
material/bottom-xia.png,q,con,,,,,,,,,,,3,0,12,1,,,,,,,,,,,,,,,,,63.7971270000271,64.21470562502509,64.21470562502509,64.60142945800908,6,7,p,0,0.4015785829978995,64.62636695802212,65.80043958302122,65.80043958302122,,64.21470562502509,,,,,,,,,,,,,,,,,,,,,,,,,,,,,,,Xia Xiaokai,01,D,2022-12-18_21h32.40.524,PC_spatial_stroop,2022.2.3,60.39633598394216,
material/top-xia.png,q,inc,,,,,,,,,,,3,1,13,3,,,,,,,,,,,,,,,,,67.79862970800605,68.21794495801441,68.21794495801441,,7,7,p,0,0.24273587498464622,68.48609612500877,69.82484608300729,69.82484608300729,,,,,,,,,,,,,,,,,,,,,,,,,,,,,,,,,Xia Xiaokai,01,D,2022-12-18_21h32.40.524,PC_spatial_stroop,2022.2.3,60.39633598394216,
material/bottom-shang.png,p,inc,,,,,,,,,,,3,2,14,2,,,,,,,,,,,,,,,,,71.82260904100258,72.23146320800879,72.23146320800879,72.63274766600807,7,8,p,1,0.3845046659989748,72.63274766600807,73.81015229100012,73.81015229100012,75.80116691600415,,,,,,,,,,,,,,,,,,,,,,,,,,,,,,,,Xia Xiaokai,01,D,2022-12-18_21h32.40.524,PC_spatial_stroop,2022.2.3,60.39633598394216,
material/top-xia.png,q,inc,,,,,,,,,,,3,3,15,3,,,,,,,,,,,,,,,,,75.80116691600415,76.21640225002193,76.21640225002193,76.6149514580029,7,9,q,1,0.6204823330044746,76.84353370801546,77.8083042500075,77.8083042500075,79.82994341599988,76.21640225002193,,,,,,,,,,,,,,,,,,,,,,,,,,,,,,,Xia Xiaokai,01,D,2022-12-18_21h32.40.524,PC_spatial_stroop,2022.2.3,60.39633598394216,
,,,,,,,,,,,,,,,,,,,,,,,,,,,,,,,,,,,,,,,,,,,,,,,79.82994341599988,79.82994341599988,space,3.2676926249987446,,,,,,,,,,,,,,,,,,,,,,,,,,,Xia Xiaokai,01,D,2022-12-18_21h32.40.524,PC_spatial_stroop,2022.2.3,60.39633598394216,
material/bottom-xia.png,q,con,seq/block/v80_block.csv,60,30,1,v,seq/trial/pc_80.csv,20,30,1,MC,,,,,0,0,0,0,0,0,0,0,0,0,0,5,,,,,92.65956162501243,93.06533979100641,93.06533979100641,93.4618323330069,0,1,None,0,,94.25260191599955,94.66924550000113,,,,,,,,83.12267895802506,83.12267895802506,s,4.164200291997986,87.30508575000567,87.30508575000567,s,2.0189089170016814,89.3343028750096,89.3343028750096,s,1.6157531249918975,90.96832883302704,90.96832883302704,s,1.6649106249969918,2.55,94.66924550000113,97.22256279102294,,,,,,,,Xia Xiaokai,01,D,2022-12-18_21h32.40.524,PC_spatial_stroop,2022.2.3,60.39633598394216,
material/bottom-shang.png,p,inc,seq/block/v80_block.csv,60,30,1,v,seq/trial/pc_80.csv,20,30,1,MC,,,,,0,0,0,0,0,0,0,0,0,1,1,8,,,,,97.22256279102294,97.63015362501028,97.63015362501028,98.04613829101436,1,1,None,0,,98.82894291600678,99.22269441600656,,,97.63015362501028,,,,,,,,,,,,,,,,,,,,,3.05,99.22269441600656,102.27326020802138,98.82894291600678,,,,,,,Xia Xiaokai,01,D,2022-12-18_21h32.40.524,PC_spatial_stroop,2022.2.3,60.39633598394216,
material/bottom-xia.png,q,con,seq/block/v80_block.csv,60,30,1,v,seq/trial/pc_80.csv,20,30,1,MC,,,,,0,0,0,0,0,0,0,0,0,2,2,1,,,,,102.27326020802138,102.69215666601667,102.69215666601667,103.08067720802501,2,1,None,0,,103.888054458017,104.29428770800587,,,,,,,,,,,,,,,,,,,,,,,,2.3,104.29428770800587,106.59575450001284,,,,,,,,Xia Xiaokai,01,D,2022-12-18_21h32.40.524,PC_spatial_stroop,2022.2.3,60.39633598394216,
material/bottom-xia.png,q,con,seq/block/v80_block.csv,60,30,1,v,seq/trial/pc_80.csv,20,30,1,MC,,,,,0,0,0,0,0,0,0,0,0,3,3,5,,,,,106.59575450001284,107.00578741601203,107.00578741601203,107.3972670410003,3,1,None,0,,108.19479829102056,108.576879500004,,,107.00578741601203,,,,,,,,,,,,,,,,,,,,,3.05,108.576879500004,111.62248270801501,108.19479829102056,,,,,,,Xia Xiaokai,01,D,2022-12-18_21h32.40.524,PC_spatial_stroop,2022.2.3,60.39633598394216,
material/top-shang.png,p,con,seq/block/v80_block.csv,60,30,1,v,seq/trial/pc_80.csv,20,30,1,MC,,,,,0,0,0,0,0,0,0,0,0,4,4,4,,,,,111.62248270801501,112.0320945000276,112.0320945000276,112.4294212910172,4,1,None,0,,113.22022354102228,113.6293766250019,,,112.0320945000276,,,,,,,,,,,,,,,,,,,,,2.3,113.6293766250019,115.92302325001219,113.22022354102228,,,,,,,Xia Xiaokai,01,D,2022-12-18_21h32.40.524,PC_spatial_stroop,2022.2.3,60.39633598394216,
material/top-shang.png,p,con,seq/block/v80_block.csv,60,30,1,v,seq/trial/pc_80.csv,20,30,1,MC,,,,,0,0,0,0,0,0,0,0,0,5,5,4,,,,,115.92302325001219,116.33518958301283,116.33518958301283,116.72673079100787,5,1,None,0,,117.54238825000357,117.94153375001042,,,116.33518958301283,,,,,,,,,,,,,,,,,,,,,2.55,117.94153375001042,120.49441612500232,,,,,,,,Xia Xiaokai,01,D,2022-12-18_21h32.40.524,PC_spatial_stroop,2022.2.3,60.39633598394216,
material/top-shang.png,p,con,seq/block/v80_block.csv,60,30,1,v,seq/trial/pc_80.csv,20,30,1,MC,,,,,0,0,0,0,0,0,0,0,0,6,6,4,,,,,120.49441612500232,120.89992437500041,120.89992437500041,121.29763000001549,6,1,None,0,,122.10695041602594,122.49035062501207,,,120.89992437500041,,,,,,,,,,,,,,,,,,,,,1.8,122.49035062501207,124.29421029100195,,,,,,,,Xia Xiaokai,01,D,2022-12-18_21h32.40.524,PC_spatial_stroop,2022.2.3,60.39633598394216,
material/bottom-xia.png,q,con,seq/block/v80_block.csv,60,30,1,v,seq/trial/pc_80.csv,20,30,1,MC,,,,,0,0,0,0,0,0,0,0,0,7,7,1,,,,,124.29421029100195,124.71524195800885,124.71524195800885,125.11016745801317,7,1,None,0,,125.90240983301192,126.30824800001574,,,,,,,,,,,,,,,,,,,,,,,,3.05,126.30824800001574,129.3505358750117,,,,,,,,Xia Xiaokai,01,D,2022-12-18_21h32.40.524,PC_spatial_stroop,2022.2.3,60.39633598394216,
material/top-shang.png,p,con,seq/block/v80_block.csv,60,30,1,v,seq/trial/pc_80.csv,20,30,1,MC,,,,,0,0,0,0,0,0,0,0,0,8,8,6,,,,,129.3505358750117,129.7687847080233,129.7687847080233,130.16906975000165,8,1,None,0,,130.97554250000394,131.35655895801028,,,,,,,,,,,,,,,,,,,,,,,,2.55,131.35655895801028,133.9285912500054,,,,,,,,Xia Xiaokai,01,D,2022-12-18_21h32.40.524,PC_spatial_stroop,2022.2.3,60.39633598394216,
material/bottom-xia.png,q,con,seq/block/v80_block.csv,60,30,1,v,seq/trial/pc_80.csv,20,30,1,MC,,,,,0,0,0,0,0,0,0,0,0,9,9,3,,,,,133.9285912500054,134.33437725002295,134.33437725002295,134.74515116601833,9,1,None,0,,135.51906783302547,135.9275300000154,,,,,,,,,,,,,,,,,,,,,,,,3.05,135.9275300000154,138.96919145801803,,,,,,,,Xia Xiaokai,01,D,2022-12-18_21h32.40.524,PC_spatial_stroop,2022.2.3,60.39633598394216,
material/bottom-xia.png,q,con,seq/block/v80_block.csv,60,30,1,v,seq/trial/pc_80.csv,20,30,1,MC,,,,,0,0,0,0,0,0,0,0,1,0,10,3,,,,,138.96919145801803,139.3846776660066,139.3846776660066,139.7874958330067,10,1,None,0,,140.58332033301122,140.99004516602145,,,139.3846776660066,,,,,,,,,,,,,,,,,,,,,2.8,140.99004516602145,143.78292250001687,,,,,,,,Xia Xiaokai,01,D,2022-12-18_21h32.40.524,PC_spatial_stroop,2022.2.3,60.39633598394216,
material/top-xia.png,q,inc,seq/block/v80_block.csv,60,30,1,v,seq/trial/pc_80.csv,20,30,1,MC,,,,,0,0,0,0,0,0,0,0,1,1,11,9,,,,,143.78292250001687,144.19319533300586,144.19319533300586,144.57998037501238,11,1,None,0,,145.39398849999998,145.79120700000203,,,144.19319533300586,,,,,,,,,,,,,,,,,,,,,3.05,145.79120700000203,148.8414955830085,,,,,,,,Xia Xiaokai,01,D,2022-12-18_21h32.40.524,PC_spatial_stroop,2022.2.3,60.39633598394216,
material/top-shang.png,p,con,seq/block/v80_block.csv,60,30,1,v,seq/trial/pc_80.csv,20,30,1,MC,,,,,0,0,0,0,0,0,0,0,1,2,12,2,,,,,148.8414955830085,149.2497354580264,149.2497354580264,149.65001437501633,12,1,None,0,,150.44974700000603,150.83990150000318,,,149.2497354580264,,,,,,,,,,,,,,,,,,,,,3.05,150.83990150000318,153.89157445801538,,,,,,,,Xia Xiaokai,01,D,2022-12-18_21h32.40.524,PC_spatial_stroop,2022.2.3,60.39633598394216,
material/bottom-shang.png,p,inc,seq/block/v80_block.csv,60,30,1,v,seq/trial/pc_80.csv,20,30,1,MC,,,,,0,0,0,0,0,0,0,0,1,3,13,8,,,,,153.89157445801538,154.3039051660162,154.3039051660162,154.7132870000205,13,1,None,0,,155.49579462502152,155.8982655830041,,,,,,,,,,,,,,,,,,,,,,,,3.05,155.8982655830041,158.96258037502412,,,,,,,,Xia Xiaokai,01,D,2022-12-18_21h32.40.524,PC_spatial_stroop,2022.2.3,60.39633598394216,
material/bottom-xia.png,q,con,seq/block/v80_block.csv,60,30,1,v,seq/trial/pc_80.csv,20,30,1,MC,,,,,0,0,0,0,0,0,0,0,1,4,14,7,,,,,158.96258037502412,159.37046925001778,159.37046925001778,159.7734805830114,14,1,None,0,,160.56688033300452,160.96064870801638,,,,,,,,,,,,,,,,,,,,,,,,2.55,160.96064870801638,163.5058103330084,,,,,,,,Xia Xiaokai,01,D,2022-12-18_21h32.40.524,PC_spatial_stroop,2022.2.3,60.39633598394216,
material/top-shang.png,p,con,seq/block/v80_block.csv,60,30,1,v,seq/trial/pc_80.csv,20,30,1,MC,,,,,0,0,0,0,0,0,0,0,1,5,15,2,,,,,163.5058103330084,163.91816841601394,163.91816841601394,164.31895462502143,15,1,None,0,,165.12313483300386,165.51730408301228,,,163.91816841601394,,,,,,,,,,,,,,,,,,,,,3.05,165.51730408301228,168.5793098330032,,,,,,,,Xia Xiaokai,01,D,2022-12-18_21h32.40.524,PC_spatial_stroop,2022.2.3,60.39633598394216,
material/bottom-xia.png,q,con,seq/block/v80_block.csv,60,30,1,v,seq/trial/pc_80.csv,20,30,1,MC,,,,,0,0,0,0,0,0,0,0,1,6,16,7,,,,,168.5793098330032,168.98648383302498,168.98648383302498,169.38077962500392,16,1,None,0,,170.17914375002147,170.56064037501346,,,,,,,,,,,,,,,,,,,,,,,,1.8,170.56064037501346,172.36070962500526,,,,,,,,Xia Xiaokai,01,D,2022-12-18_21h32.40.524,PC_spatial_stroop,2022.2.3,60.39633598394216,
material/top-shang.png,p,con,seq/block/v80_block.csv,60,30,1,v,seq/trial/pc_80.csv,20,30,1,MC,,,,,0,0,0,0,0,0,0,0,1,7,17,0,,,,,172.36070962500526,172.77278250001837,172.77278250001837,173.17681504102075,17,1,None,0,,173.9604465830198,174.36595875001512,,,,,,,,,,,,,,,,,,,,,,,,2.3,174.36595875001512,176.66215662501054,,,,,,,,Xia Xiaokai,01,D,2022-12-18_21h32.40.524,PC_spatial_stroop,2022.2.3,60.39633598394216,
material/top-shang.png,p,con,seq/block/v80_block.csv,60,30,1,v,seq/trial/pc_80.csv,20,30,1,MC,,,,,0,0,0,0,0,0,0,0,1,8,18,6,,,,,176.66215662501054,177.07264425000176,177.07264425000176,177.48359879100462,18,1,None,0,,178.26902883301955,178.66069091600366,,,177.07264425000176,,,,,,,,,,,,,,,,,,,,,3.05,178.66069091600366,181.70643591601402,178.26902883301955,,,,,,,Xia Xiaokai,01,D,2022-12-18_21h32.40.524,PC_spatial_stroop,2022.2.3,60.39633598394216,
material/bottom-xia.png,q,con,seq/block/v80_block.csv,60,30,1,v,seq/trial/pc_80.csv,20,30,1,MC,,,,,0,0,0,0,0,0,0,0,1,9,19,7,,,,,181.70643591601402,182.11919466601103,182.11919466601103,182.51811854101834,19,1,None,0,,183.3062096250069,183.71224933300982,,,,,,,,,,,,,,,,,,,,,,,,3.05,183.71224933300982,186.76161700001103,,,,,,,,Xia Xiaokai,01,D,2022-12-18_21h32.40.524,PC_spatial_stroop,2022.2.3,60.39633598394216,
material/bottom-xia.png,q,con,seq/block/v80_block.csv,60,30,1,v,seq/trial/pc_80.csv,20,30,1,MC,,,,,0,0,0,0,0,0,0,0,2,0,20,3,,,,,186.76161700001103,187.17644500001916,187.17644500001916,187.56812666601036,20,1,None,0,,188.37029812502442,188.76476825002464,,,187.17644500001916,,,,,,,,,,,,,,,,,,,,,3.05,188.76476825002464,191.82772820800892,,,,,,,,Xia Xiaokai,01,D,2022-12-18_21h32.40.524,PC_spatial_stroop,2022.2.3,60.39633598394216,
material/bottom-xia.png,q,con,seq/block/v80_block.csv,60,30,1,v,seq/trial/pc_80.csv,20,30,1,MC,,,,,0,0,0,0,0,0,0,0,2,1,21,5,,,,,191.82772820800892,192.2370629160141,192.2370629160141,192.65009770801407,21,1,None,0,,193.4325959580019,193.83308433301863,,,,,,,,,,,,,,,,,,,,,,,,2.3,193.83308433301863,196.13158387501608,,,,,,,,Xia Xiaokai,01,D,2022-12-18_21h32.40.524,PC_spatial_stroop,2022.2.3,60.39633598394216,
material/top-shang.png,p,con,seq/block/v80_block.csv,60,30,1,v,seq/trial/pc_80.csv,20,30,1,MC,,,,,0,0,0,0,0,0,0,0,2,2,22,0,,,,,196.13158387501608,196.54663262501708,196.54663262501708,196.94402512500528,22,1,None,0,,197.74729783300427,198.13693825001246,,,196.54663262501708,,,,,,,,,,,,,,,,,,,,,2.55,198.13693825001246,200.67870016602683,,,,,,,,Xia Xiaokai,01,D,2022-12-18_21h32.40.524,PC_spatial_stroop,2022.2.3,60.39633598394216,
material/top-shang.png,p,con,seq/block/v80_block.csv,60,30,1,v,seq/trial/pc_80.csv,20,30,1,MC,,,,,0,0,0,0,0,0,0,0,2,3,23,6,,,,,200.67870016602683,201.08799758300302,201.08799758300302,201.47637670801487,23,1,None,0,,202.2855816660158,202.67717008301406,,,201.08799758300302,,,,,,,,,,,,,,,,,,,,,2.8,202.67717008301406,205.4666343750141,,,,,,,,Xia Xiaokai,01,D,2022-12-18_21h32.40.524,PC_spatial_stroop,2022.2.3,60.39633598394216,
material/top-shang.png,p,con,seq/block/v80_block.csv,60,30,1,v,seq/trial/pc_80.csv,20,30,1,MC,,,,,0,0,0,0,0,0,0,0,2,4,24,2,,,,,205.4666343750141,205.8845348750183,205.8845348750183,206.27687908301596,24,1,None,0,,207.0789745830116,207.47823329101084,,,,,,,,,,,,,,,,,,,,,,,,2.8,207.47823329101084,210.2875437500188,,,,,,,,Xia Xiaokai,01,D,2022-12-18_21h32.40.524,PC_spatial_stroop,2022.2.3,60.39633598394216,
material/top-shang.png,p,con,seq/block/v80_block.csv,60,30,1,v,seq/trial/pc_80.csv,20,30,1,MC,,,,,0,0,0,0,0,0,0,0,2,5,25,0,,,,,210.2875437500188,210.69495658300002,210.69495658300002,211.0961582500022,25,1,None,0,,211.88235941602034,212.28795304099913,,,,,,,,,,,,,,,,,,,,,,,,2.8,212.28795304099913,215.08789441600675,,,,,,,,Xia Xiaokai,01,D,2022-12-18_21h32.40.524,PC_spatial_stroop,2022.2.3,60.39633598394216,
material/top-shang.png,p,con,seq/block/v80_block.csv,60,30,1,v,seq/trial/pc_80.csv,20,30,1,MC,,,,,0,0,0,0,0,0,0,0,2,6,26,4,,,,,215.08789441600675,215.49977883300744,215.49977883300744,215.90405204100534,26,1,None,0,,216.69799016602337,217.08413391601061,,,215.49977883300744,,,,,,,,,,,,,,,,,,,,,2.05,217.08413391601061,219.13139950000914,,,,,,,,Xia Xiaokai,01,D,2022-12-18_21h32.40.524,PC_spatial_stroop,2022.2.3,60.39633598394216,
material/bottom-xia.png,q,con,seq/block/v80_block.csv,60,30,1,v,seq/trial/pc_80.csv,20,30,1,MC,,,,,0,0,0,0,0,0,0,0,2,7,27,5,,,,,219.13139950000914,219.55205179101904,219.55205179101904,219.9478583750024,27,1,None,0,,220.7302748330112,221.14143558300566,,,,,,,,,,,,,,,,,,,,,,,,2.8,221.14143558300566,223.94368662501802,,,,,,,,Xia Xiaokai,01,D,2022-12-18_21h32.40.524,PC_spatial_stroop,2022.2.3,60.39633598394216,
material/top-shang.png,p,con,seq/block/v80_block.csv,60,30,1,v,seq/trial/pc_80.csv,20,30,1,MC,,,,,0,0,0,0,0,0,0,0,2,8,28,0,,,,,223.94368662501802,224.3591257080261,224.3591257080261,224.76255733301514,28,1,None,0,,225.5542945000052,225.96198720802204,,,,,,,,,,,,,,,,,,,,,,,,2.8,225.96198720802204,228.764695165999,,,,,,,,Xia Xiaokai,01,D,2022-12-18_21h32.40.524,PC_spatial_stroop,2022.2.3,60.39633598394216,
material/bottom-shang.png,p,inc,seq/block/v80_block.csv,60,30,1,v,seq/trial/pc_80.csv,20,30,1,MC,,,,,0,0,0,0,0,0,0,0,2,9,29,8,,,,,228.764695165999,229.16927633300656,229.16927633300656,229.56454570800997,29,1,None,0,,230.36885616602376,230.77017062500818,,,229.16927633300656,,,,,,,,,,,,,,,,,,,,,3.05,230.77017062500818,233.81439866599976,,,,,,,,Xia Xiaokai,01,D,2022-12-18_21h32.40.524,PC_spatial_stroop,2022.2.3,60.39633598394216,
material/bottom-xia.png,q,con,seq/block/v80_block.csv,60,30,1,v,seq/trial/pc_80.csv,20,30,1,MC,,,,,0,0,0,0,0,0,0,0,3,0,30,1,,,,,233.81439866599976,234.2185100830102,234.2185100830102,234.60562654101523,30,1,None,0,,235.41683733300306,235.78969091601903,,,234.2185100830102,,,,,,,,,,,,,,,,,,,,,3.05,235.78969091601903,238.85380141600035,,,,,,,,Xia Xiaokai,01,D,2022-12-18_21h32.40.524,PC_spatial_stroop,2022.2.3,60.39633598394216,
material/top-shang.png,p,con,seq/block/v80_block.csv,60,30,1,v,seq/trial/pc_80.csv,20,30,1,MC,,,,,0,0,0,0,0,0,0,0,3,1,31,2,,,,,238.85380141600035,239.25513400000636,239.25513400000636,239.64734012502595,31,1,None,0,,240.449173541012,240.84124750000774,,,,,,,,,,,,,,,,,,,,,,,,3.05,240.84124750000774,243.8916327500192,,,,,,,,Xia Xiaokai,01,D,2022-12-18_21h32.40.524,PC_spatial_stroop,2022.2.3,60.39633598394216,
material/top-xia.png,q,inc,seq/block/v80_block.csv,60,30,1,v,seq/trial/pc_80.csv,20,30,1,MC,,,,,0,0,0,0,0,0,0,0,3,2,32,9,,,,,243.8916327500192,244.3053852910234,244.3053852910234,244.70632950001163,32,1,None,0,,245.4977037080098,245.88037575001363,,,244.3053852910234,,,,,,,,,,,,,,,,,,,,,2.8,245.88037575001363,248.6847408330068,,,,,,,,Xia Xiaokai,01,D,2022-12-18_21h32.40.524,PC_spatial_stroop,2022.2.3,60.39633598394216,
material/bottom-xia.png,q,con,seq/block/v80_block.csv,60,30,1,v,seq/trial/pc_80.csv,20,30,1,MC,,,,,0,0,0,0,0,0,0,0,3,3,33,1,,,,,248.6847408330068,249.0933403330273,249.0933403330273,249.50335279101273,33,1,None,0,,250.30789633301902,250.69971612500376,,,249.0933403330273,,,,,,,,,,,,,,,,,,,,,2.3,250.69971612500376,252.99801391601795,,,,,,,,Xia Xiaokai,01,D,2022-12-18_21h32.40.524,PC_spatial_stroop,2022.2.3,60.39633598394216,
material/top-xia.png,q,inc,seq/block/v80_block.csv,60,30,1,v,seq/trial/pc_80.csv,20,30,1,MC,,,,,0,0,0,0,0,0,0,0,3,4,34,9,,,,,252.99801391601795,253.40869366601692,253.40869366601692,253.81749429102638,34,1,None,0,,254.5979351249989,254.99957962500048,,,,,,,,,,,,,,,,,,,,,,,,2.8,254.99957962500048,257.80189770800644,,,,,,,,Xia Xiaokai,01,D,2022-12-18_21h32.40.524,PC_spatial_stroop,2022.2.3,60.39633598394216,
material/bottom-shang.png,p,inc,seq/block/v80_block.csv,60,30,1,v,seq/trial/pc_80.csv,20,30,1,MC,,,,,0,0,0,0,0,0,0,0,3,5,35,8,,,,,257.80189770800644,258.21814062501653,258.21814062501653,258.60586579100345,35,1,None,0,,259.41064204100985,259.81476454102085,,,258.21814062501653,,,,,,,,,,,,,,,,,,,,,2.8,259.81476454102085,262.607844416023,,,,,,,,Xia Xiaokai,01,D,2022-12-18_21h32.40.524,PC_spatial_stroop,2022.2.3,60.39633598394216,
material/bottom-xia.png,q,con,seq/block/v80_block.csv,60,30,1,v,seq/trial/pc_80.csv,20,30,1,MC,,,,,0,0,0,0,0,0,0,0,3,6,36,7,,,,,262.607844416023,263.0122423330031,263.0122423330031,263.4052650000085,36,1,None,0,,264.2104572500102,264.6168797080172,,,263.0122423330031,,,,,,,,,,,,,,,,,,,,,3.05,264.6168797080172,267.66759162500966,264.2104572500102,,,,,,,Xia Xiaokai,01,D,2022-12-18_21h32.40.524,PC_spatial_stroop,2022.2.3,60.39633598394216,
material/bottom-xia.png,q,con,seq/block/v80_block.csv,60,30,1,v,seq/trial/pc_80.csv,20,30,1,MC,,,,,0,0,0,0,0,0,0,0,3,7,37,3,,,,,267.66759162500966,268.0803712500201,268.0803712500201,268.4874658330227,37,1,None,0,,269.2783634160005,269.6643725000031,,,268.0803712500201,,,,,,,,,,,,,,,,,,,,,2.8,269.6643725000031,272.4533453750191,,,,,,,,Xia Xiaokai,01,D,2022-12-18_21h32.40.524,PC_spatial_stroop,2022.2.3,60.39633598394216,
material/top-shang.png,p,con,seq/block/v80_block.csv,60,30,1,v,seq/trial/pc_80.csv,20,30,1,MC,,,,,0,0,0,0,0,0,0,0,3,8,38,6,,,,,272.4533453750191,272.86558875002083,272.86558875002083,273.2718732909998,38,1,None,0,,274.0644298750267,274.4390624160005,,,272.86558875002083,,,,,,,,,,,,,,,,,,,,,2.55,274.4390624160005,276.97890895800083,,,,,,,,Xia Xiaokai,01,D,2022-12-18_21h32.40.524,PC_spatial_stroop,2022.2.3,60.39633598394216,
material/top-xia.png,q,inc,seq/block/v80_block.csv,60,30,1,v,seq/trial/pc_80.csv,20,30,1,MC,,,,,0,0,0,0,0,0,0,0,3,9,39,9,,,,,276.97890895800083,277.3860229580023,277.3860229580023,277.77989245802746,39,1,None,0,,278.5856315000274,278.9772626660124,,,277.3860229580023,,,,,,,,,,,,,,,,,,,,,2.05,278.9772626660124,281.0225117910013,278.5856315000274,,,,,,,Xia Xiaokai,01,D,2022-12-18_21h32.40.524,PC_spatial_stroop,2022.2.3,60.39633598394216,
,,,seq/block/v80_block.csv,60,30,1,v,seq/trial/pc_80.csv,20,30,1,MC,,,,,0,0,0,0,0,0,0,0,,,,,,,,,,,,,,,,,,,,,,,,,,,,,,,,,,,,,,,,,,,,,,,281.0225117910013,301.022933958011,301.022933958011,301.022933958011,space,3.6672857500088867,Xia Xiaokai,01,D,2022-12-18_21h32.40.524,PC_spatial_stroop,2022.2.3,60.39633598394216,
,,,,,,,,,,,,,,,,,,,,,,,,,,,,,,,,,304.7096530000272,305.116729958012,305.116729958012,305.52608004101785,40,1,None,0,,306.31859220800106,,,,,,,,,,,,,,,,,,,,,,,,,,,,,,,,,,,,,,,,,,
